"Welche drei der folgenden Kriterien sind Teil der Definition von Usability?","2 Grundlegende Begriffe und Konzepte","A Barrierefreiheit | B Effizienz | C Vollständigkeit | D Effektivität | E Zufriedenstellung | F Geschwindigkeit","0 1 0 1 1 0","",""
"Welche eine der folgenden Formulierungen charakterisiert am besten, was menschzentrierte Qualität ist?","2 Grundlegende Begriffe und Konzepte","A Das Ausmaß, in dem die Nutzungsanforderungen erfüllt werden | B Das Ausmaß, in dem die Erfordernisse der Benutzer erfüllt werden | C Der Grad an Usability und User Experience, den das interaktive System erreicht | D Das Ausmaß, in dem Anforderungen bzgl. Usability, User Experience, Barrierefreiheit und Vermeidung von Schäden durch die Benutzung erfüllt werden | E Inwieweit das System von Benutzern als qualitativ ausreichend bewertet wird hinsichtlich der Usability, User Experience, Barrierefreiheit und Vermeidung von Schäden durch die Benutzung | F Das Ausmaß, in dem alle relevanten Nutzungsanforderungen, Marktanforderungen und organisatorischen Anforderungen erfüllt werden","0 0 0 1 0 0","",""
"Welche zwei der folgenden Aspekte beeinflussen die User Experience mit der Website einer Fluggesellschaft, nicht aber die Usability?","2 Grundlegende Begriffe und Konzepte","A Die Bilder auf der Website sind ansprechend. | B Die Gepäckkosten bleiben verborgen, bis der Benutzer seinen Namen eingegeben hat. | C Es ist möglich, ein Ticket zu stornieren und einen Teil des Geldes rückerstattet zu bekommen, aber alle Benutzer haben Schwierigkeiten, herauszufinden, wie sie die Rückerstattung erhalten. | D Die Benutzer empfinden die Preise auf der Website als ziemlich hoch. | E Die Flughafensuche ist nicht fehlertolerant. Zum Beispiel wird bei einer Suche nach »Strassbourg« nicht »Strasbourg« vorgeschlagen. | F Nach dem Flug ärgern sich die Benutzer über unerwünschte Marketing-E-Mails der Fluggesellschaft.","0 0 0 1 0 1","",""
"Welche zwei der folgenden Antworten sind wichtige Richtlinien, die im Zusammenhang mit Barrierefreiheit stehen?","2 Grundlegende Begriffe und Konzepte","A Die »Web Content Accessibility Guidelines« des W3C | B Die »Software Accessibility Guidelines« des W3C | C Die DSGVO | D Der Standard ISO 9241-110 »Barrierefreiheit und Nutzbarkeit der gebauten Umwelt« | E Der Standard ISO 9241-171 »Leitlinien für die Zugänglichkeit von Software« | F Die Barrierefreiheit-Grundsätze der deutschen Wirtschaft","1 0 0 0 1 0","",""
"Welche zwei der folgenden Dinge sind KEINE Unterstützungstechnologien für Barrierefreiheit an einem Bildschirmarbeitsplatz?","2 Grundlegende Begriffe und Konzepte","A Joystick zur Maussteuerung | B Touchscreen (berührungsempfindlicher Bildschirm) | C Lupe | D Erklärungsvideos zur Erläuterung der Funktionsweise einer PCAnwendung | E Screenreader | F Spracherkennungssoftware zum Diktieren von Texten","0 1 0 1 0 0","",""
"Welche zwei der folgenden Aussagen betreffen ausschließlich die User Experience der Website einer Hotelbuchungsplattform und nicht deren Usability?","2 Grundlegende Begriffe und Konzepte","A Die Website ist nicht optimiert für die Nutzung mit alternativen Browsern wie Opera oder Edge. | B Eine ausgestellte Buchungsbestätigung enthält einen QR-Code, der beim Check-in im Hotel gescannt werden kann und dadurch den Checkin-Prozess vereinfacht. | C Die Hotelbuchungsplattform hat den Ruf, die am besten zu benutzende Website von allen Hotelbuchungsplattformen zu haben. | D Der Hotelgast muss im Hotel mit genau dem Zahlungsmittel bezahlen, das in der Onlinebuchung angegeben wurde. Dies wird auf der Website aber nirgendwo erwähnt, was bei manchen Hotelgästen zu Verärgerung führt. | E Die Website verwendet freundliche Farben. | F Die Benutzer der Website finden die Nutzungsbedingungen zwar unverschämt, verwenden die Website aber dennoch, weil sie die niedrigsten Hotelzimmerpreise anbietet.","0 0 1 0 0 1","",""
"Welche zwei der folgenden Antwortmöglichkeiten nennen ein Beispiel für Bestandteile der Benutzungsschnittstelle, die zur Vermeidung von Schäden durch die Benutzung geeignet sind?","2 Grundlegende Begriffe und Konzepte","A Der Text auf einer Website ist klein und hat einen zu geringen Kontrast zum Hintergrund, sodass Benutzer mit einer Sehbehinderung den Text nicht lesen können. | B Das Aussehen und die Qualität der Blumen, die über die Website eines Blumenhändlers bestellt wurden, unterscheiden sich erheblich von den Bildern auf der Website. | C Im Ausland erhalten die Benutzer eine Nachricht auf ihrem Mobiltelefon, die sie über entstehende Datenroaming-Gebühren informiert. | D Auf der Website eines Hotels können die Benutzer die Buchung eines Hotelzimmers stornieren, aber sie finden nicht heraus, wie das geht. | E Die Benutzer geben spontan an, dass ihnen das Aussehen der Startseite einer Hotelwebsite nicht gefällt. | F Putzmittelflaschen haben einen Verschluss, den Kinder nicht öffnen können.","0 0 1 0 0 1","",""
"Benutzer der Website eines Online-Buchhandels machen immer wieder einen bestimmten Fehler im Bestellprozess, wodurch eine falsche Lieferadresse verwendet wird. Die Benutzer erkennen diesen Fehler immer am Ende des Bestellprozesses, müssen den Fehler dann jedoch umständlich korrigieren. Welches eine Kriterium der Definition von Usability nach ISO 9241 wird von dieser Website verletzt?","2 Grundlegende Begriffe und Konzepte","A Effektivität | B Effizienz | C Fehlerfreiheit | D Barrierefreiheit | E Zufriedenstellung | F Geschwindigkeit","0 1 0 0 0 0","",""
"Frank nutzt häufig die Website einer Hotelbuchungsplattform, um für seine Geschäftsreisen Hotels zu buchen. Welcher eine der folgenden Punkte ist ein Ziel von Frank für die Nutzung der Website der Hotelbuchungsplattform bei der Buchung von Geschäftsreisen?","2 Grundlegende Begriffe und Konzepte","A Frank möchte überblicken können, welche 10 Hotels in Berlin bisher die besten Bewertungen von anderen Reisenden erhalten haben. | B Frank überprüft, welche Hotels, die für seine Reise infrage kommen, kostenloses WLAN im Hotelzimmer anbieten. | C Frank will in einem luxuriösen Hotel in Berlin zum Schnäppchenpreis übernachten. | D Frank benötigt eine Rechnung mit ausgewiesener Mehrwertsteuer, um diese bei seinem Arbeitgeber abgeben zu können. | E Frank muss wissen, welche Zahlungsmittel von einem bestimmten Hotel akzeptiert werden, um entscheiden zu können, ob er für dieses Hotel buchen möchte oder nicht. | F Frank möchte für seine nächste Urlaubsreise ein gut bewertetes Resort auf den Malediven buchen.","0 0 1 0 0 0","",""
"Hanna bestellt bei einem Pizzaservice eine Pizza. Hierzu nutzt sie die Website des Pizzaservice. Nachdem sie die Pizza gegessen hat, spricht Hanna mit einem Freund am Telefon über ihre Erfahrungen mit dem Pizzaservice und macht dabei folgende Aussagen: 1. Hanna sagt, die Website des Pizzaservice sei schwer zu benutzen. 2. Hanna hat auf der Startseite der Website gelesen »Stellen Sie Ihre eigene Pizzakreation in nur 60 Sekunden zusammen«. Das fand sie gut und fühlte sich angespornt, ihre selbstkreierte Pizza auch wirklich in dieser Zeit fertig zu konfigurieren. 3. Hanna erzählt, dass sie bei einem Blumenladen kürzlich bei einer Onlinebestellung einen Dankeschön-Gutschein für die nächste Onlinebestellung erhalten hat. Das fand sie gut. 4. Hannas Pizza wurde mit einem falschen Belag geliefert. Dies lag offensichtlich an einem Fehler, den Hanna bei der Benutzung der Website gemacht hatte. 5. Als die Pizza geliefert wurde, war sie schon kalt. Das hat Hanna geärgert. Welche eine der folgenden Kombinationen von Aussagen bezieht sich ausschließlich auf Hannas User Experience mit der Website bzw. dem Pizzaservice und nicht auf die Usability der Website?","2 Grundlegende Begriffe und Konzepte","A Aussagen Nr. 1 und 2 | B Aussagen Nr. 2 und 3 | C Aussagen Nr. 1, 2 und 5 | D Aussagen Nr. 1, 2, 3 und 5 | E Aussagen Nr. 1, 2, 4 und 5 | F Alle fünf Aussagen","0 0 1 0 0 0","",""
"Welche drei der folgenden Komponenten sind Teil der Benutzungsschnittstelle eines Autos?","2 Grundlegende Begriffe und Konzepte","A Gaspedal | B Airbag | C Schalthebel | D Stoßstange | E Anhängerkupplung | F Vergaser","1 0 1 0 1 0","",""
"Die Website einer öffentlichen Verwaltung wird unter anderem auch von Personengruppen benutzt, die Einschränkungen bezüglich der körperlichen Fähigkeiten haben, zum Beispiel Blindheit oder motorische Einschränkungen beim Steuern eines Mauszeigers. Welche drei der folgenden Aktivitäten fördern vorrangig die Barrierefreiheit der Website?","2 Grundlegende Begriffe und Konzepte","A Eine Usability-Inspektion durchführen bezüglich der Steuerbarkeit der Website ausschließlich mittels Tastatur | B Die Website so umsetzen, dass Screenreader sie korrekt verwenden können | C Farben so verwenden, dass diese eindeutig interpretierbar sind | D Nur Begriffe verwenden, die dem Benutzer bekannt sind | E Auf allen Seiten der Website einen direkten Link zu einer Servicehotline anbieten | F Die Möglichkeit anbieten, dass Benutzer die Schriftgröße einfach ändern können","1 1 0 0 0 1","",""
"Welche drei der folgenden Punkte können Bestandteile der Benutzungsschnittstelle einer Getränkeflasche bei der Aufgabe »Wasser trinken« sein?","2 Grundlegende Begriffe und Konzepte","A Die Färbung der Flasche | B Die Form des Bodens der Flasche (nach innen gewölbt oder nicht gewölbt) | C Der Schraubverschluss der Flasche | D Der sichtbare Flüssigkeitsstand in der Flasche | E Ob die Flasche aus Glas oder aus stabilem Plastik hergestellt ist | F Ob die Flasche auf einem Tisch oder auf dem Boden steht","1 0 1 1 0 0","",""
"Das folgende Diagramm soll die Beziehung der Begriffe Usability un User Experience veranschaulichen: Welche zwei Fehler sind in diesem Diagramm enthalten?","2 Grundlegende Begriffe und Konzepte","A Bezüglich der erwarteten Benutzung werden bei der User Experience nicht nur die Erwartungen betrachtet, sondern auch Faktoren, die für eine Kaufentscheidung relevant sind, wie zum Beispiel der Preis. | B Usability betrachtet nicht nur die Benutzung selbst, sondern immer auch, was nach der Benutzung passiert und wie sich der Benutzer an die Interaktion erinnert. | C Bei »Nach der Benutzung« muss es nicht »Weiterempfehlung« heißen, sondern »Erfüllung der Erwartungen«. | D Bei »Nach der Benutzung« muss zusätzlich zu »Weiterempfehlung« auch »Erfüllung von Erwartungen« stehen. | E Usability betrachtet nicht die gesamte Zufriedenstellung, so wie es User Experience tut, sondern nur die Zufriedenstellung, die im direkten Zusammenhang mit der Aufgabenerledigung steht. | F Es gibt keine Überlappung von Usability und User Experience, Usability umfasst nur die Effektivität und Effizienz und nicht die Zufriedenstellung. Letzteres wird nur in der User Experience betrachtet.","0 0 1 0 1 0","",""
"Angenommen, der folgende Text ist die Definition des Begriffs »Usability« gemäß ISO 9241: Usability ist das Ausmaß, in dem ein Produkt von bestimmten Benutzern benutzt werden kann, um in einem bestimmten Nutzungskontext bestimmte Ziele effektiv, effizient und mit ausreichend guter User Experience zu erreichen. Welche zwei der folgenden Fehler sind in dieser Definition enthalten?","2 Grundlegende Begriffe und Konzepte","A Usability ist nicht ein Ausmaß von etwas, sondern wird entweder erreicht bzw. erfüllt oder nicht. Es muss also heißen »Usability ist erreicht, wenn ein Produkt benutzt werden kann, um …«. | B Usability bezieht sich nicht nur auf Produkte, sondern auf interaktive Systeme, bei denen zum Beispiel auch ein Servicehotline-Mitarbeiter ein Bestandteil sein kann. | C Usability muss nicht in nur einem bestimmten Nutzungskontext erreicht werden, sondern in jedem relevanten Nutzungskontext. Es muss also heißen »…, um in jedem relevanten Nutzungskontext bestimmte Ziele …«. | D Usability muss nicht nur für bestimmte Ziele erreicht werden, sondern für alle relevanten Ziele der Benutzer. Es muss also heißen »…, um … alle relevanten Ziele … zu erreichen«. | E Die Definition ist unvollständig, sie muss auch Barrierefreiheit und die Vermeidung von Schäden durch die Benutzung umfassen. | F Der Begriff User Experience kommt in der Definition von Usability nicht vor.","0 1 0 0 0 1","",""
"Welche drei der folgenden Aussagen sind in Bezug auf den Begriff User Experience korrekt?","2 Grundlegende Begriffe und Konzepte","A Was bei User Experience betrachtet wird, umfasst unter anderem auch die Einstellungen und Verhaltensweisen der Benutzer vor der Benutzung. | B User Experience hängt nicht vom Nutzungskontext ab, sondern betrachtet unabhängig vom Nutzungskontext die Wahrnehmungen und Reaktionen eines Benutzers, die sich aus der Benutzung und/oder der erwarteten Benutzung eines interaktiven Systems ergeben. | C Mangelnde Effizienz kann sich negativ auf die User Experience auswirken. | D User Experience ist der modernere Begriff für Usability und bedeutet essenziell dasselbe. | E Bei User Experience geht es vornehmlich um die Zufriedenstellung und die Erfüllung von Erwartungen. | F Bei User Experience geht es vornehmlich um das Erreichen von Zielen, die Zufriedenstellung des Benutzers hierbei und die Erfüllung von Erwartungen.","1 0 1 0 1 0","",""
"Eine Autovermietungs-Website bietet Benutzern keine Möglichkeit an, eine Reservierung zu stornieren. Eine Analyse des Nutzungskontexts zeigt, dass Benutzer diese Handlungsmöglichkeit benötigen. Welches Kriterium von Gebrauchstauglichkeit nach ISO 9241 wird von dieser Website verletzt?","2 Grundlegende Begriffe und Konzepte","A Barrierefreiheit | B Funktionale Angemessenheit | C Effizienz | D Effektivität | E Zufriedenstellung | F Geschwindigkeit","0 0 0 1 0 0","",""
"Welche eine der folgenden Aussagen beschreibt NICHT ein vollständiges interaktives System?","2 Grundlegende Begriffe und Konzepte","A Eine Fußgängerampel | B Ein Werbeplakat | C Eine Schreibtischlampe | D Die Verpackung eines Produkts | E Ein Schülerlotse | F Ein Hammer","0 0 0 1 0 0","",""
"Welcher eine der folgenden Punkte wird NICHT in der Normenreihe ISO 9241 behandelt? (Hinweis: Das hier behandelte Thema ist nicht prüfungsrelevant.)","2 Grundlegende Begriffe und Konzepte","A Software-Ergonomie | B Ergonomie des Arbeitsplatzes | C Prozess der menschzentrierten Gestaltung | D Common Industry Format (CIF) der Arbeitsergebnisse in der UsabilityArbeit | E Ergonomie der Umgebung | F Anzeigen und anzeigenbezogene Hardware","0 0 0 1 0 0","",""
"Welche drei der folgenden Arbeitsergebnisse werden während der Phase »Lösungen gestalten, die Nutzungsanforderungen erfüllen« erstellt?","3 Menschzentrierte Gestaltung","A Storyboards | B Aufgabenmodelle | C Personas | D Erfordernisse | E Wireframes | F Evaluierungsbericht","1 1 0 0 1 0","",""
"Welche drei der folgenden Punkte sind wesentliche Elemente eines menschzentrierten Gestaltungsprozesses?","3 Menschzentrierte Gestaltung","A Der Prozess ist iterativ. | B Das Projektteam verfügt über ein explizites Verständnis des gesamten Nutzungskontextes. | C Repräsentanten aller Interessenvertretergruppen (inklusive der Benutzer) sind während des gesamten Gestaltungsprozesses beteiligt. | D Die Gestaltung wird durch Usability-Evaluierung gesteuert und verfeinert. | E Die Gestaltung spricht gezielt die Usability an. | F Der Prozess lässt sich leicht in die agile Entwicklung integrieren.","1 1 0 1 0 0","",""
"Welche drei der folgenden Aussagen sind korrekt für die Aktivitäten der menschzentrierten Gestaltung?","3 Menschzentrierte Gestaltung","A Soweit eine Lösung bereits existiert, sollte diese evaluiert werden, bevor der Nutzungskontext spezifiziert wird. | B Am Beginn eines Prozesses zur menschzentrierten Gestaltung steht immer die Planung der menschzentrierten Gestaltung. | C Es ist sinnvoll, vor der Gestaltung von Lösungen sicherzustellen, dass die zu erfüllenden Nutzungsanforderungen festgelegt sind. | D Wenn eine Usability-Evaluierung zeigt, dass noch nicht alle Anforderungen erfüllt werden, dann muss anschließend immer auch die Analyse des Nutzungskontextes überprüft werden. | E Die Grundlage des menschzentrierten Prozesses ist immer eine Analyse des Nutzungskontextes. | F Es kann sinnvoll sein, Usability-Evaluierung und Verfeinerung der Gestaltungslösung mehrfach nacheinander durchzuführen, ohne zwischendrin die Nutzungsanforderungen zu ändern oder zu ergänzen.","0 1 1 0 0 1","",""
"Das Folgende sei eine vollständige Beschreibung aller menschzentrierten Gestaltungsaktivitäten in einem Entwicklungsprojekt: Für ein interaktives System werden gemeinsam von einem HCD Professional, einem Fachexperten und einer Entwicklerin Benutzer zum Nutzungskontext interviewt. Basierend auf den Erkenntnissen entwickelt der HCD Professional zusammen mit dem Fachexperten einen Prototyp, bei dem die gesamte User Experience berücksichtigt wird. Der Prototyp wird basierend auf Usability-Inspektionen nachgebessert. Nach zwei Iterationen wird das System entwickelt und auf den Markt gebracht. Welcher eine der folgenden Grundsätze der menschzentrierten Gestaltung scheint am ehesten in dem Entwicklungsprojekt NICHT umgesetzt zu sein?","3 Menschzentrierte Gestaltung","A Der Prozess ist iterativ. | B Die Gestaltung beruht auf einem umfassenden Verständnis des Nutzungskontextes. | C Benutzer sind während der gesamten Gestaltung und Entwicklung beteiligt. | D Die Gestaltung wird durch Usability-Evaluierung gesteuert und verfeinert. | E Die Gestaltung adressiert gezielt die gesamte User Experience. | F Die Gestaltung erfolgt durch ein interdisziplinäres Team.","0 0 1 0 0 0","",""
"Welche zwei der folgenden Aktivitäten sind am besten geeignet, um ein Unternehmen von der HCD-Reifegradstufe 0 »Unvollständig« auf die nächsthöhere Stufe 1 »Ausgeführt« zu bringen?","3 Menschzentrierte Gestaltung","A Usability-Probleme durch Usability-Inspektionen im Detail dokumentieren und in die Weiterentwicklung der interaktiven Systeme im Unternehmen einbringen | B Beispiele aus dem Unternehmen für gute und für schlechte Usability bei Stakeholdern ansprechen | C Einen Styleguide für Benutzungsschnittstellen der interaktiven Systeme des Unternehmens erstellen und in den Entwicklungsprojekten platzieren | D Ein Qualitätssystem einführen, bestehend aus Standards für HCDAktivitäten und Regeln für die Überwachung der Einhaltung dieser Standards | E Usability-Tests durchführen, bei denen wichtige Mitarbeiter des Unternehmens als Beobachter teilnehmen | F Personas für wichtige Benutzergruppen erstellen, um so im Unternehmen Empathie für die User Experience zu erreichen","0 1 0 0 1 0","",""
"Welche zwei der folgenden Arbeitsergebnisse werden während der Phase »Nutzungskontext verstehen und festlegen« erstellt?","3 Menschzentrierte Gestaltung","A Storyboards | B Aufgabenmodelle | C Personas | D Erfordernisse | E Wireframes | F Anforderungsprofile","0 1 1 0 0 0","",""
"Die folgende Abbildung zeigt den Zusammenhang zwischen de Aktivitäten der menschzentrierten Gestaltung. Welche zwei Fehler sind in der Abbildung enthalten?","3 Menschzentrierte Gestaltung","A Die Aktivität »Management stimmt den Nutzungsanforderungen zu« fehlt. | B Die Aktivität »Prototypen erstellen« fehlt. | C Die Aktivität »Festlegen von menschzentrierten Funktionen« fehlt. | D Statt »Nutzungsanforderungen festlegen« sollte in der entsprechenden Aktivität »Nutzungsanforderungen festlegen, die den Nutzungskontext erfüllen« stehen. | E Es fehlt einer der grau schraffierten Pfeile, die eine Iteration kennzeichnen. | F Die Aktivität »Gestaltungslösungen gegen organisatorische Anforderungen evaluieren« sollte »Gestaltungslösungen gegen Nutzungsanforderungen evaluieren« lauten.","0 0 0 0 1 1","",""
"Welcher eine der folgenden Aspekte ist Bestandteil der menschzentrierten Gestaltung?","3 Menschzentrierte Gestaltung","A Engagement des Managements für Usability und menschzentrierte Gestaltung | B Interesse des Managements an Innovationen | C Die Analyse von Konkurrenzprodukten, um mögliche Fallstricke zu verstehen | D Die Einbeziehung von Benutzern während des gesamten Gestaltungsprozesses | E Regelmäßige Demonstrationen des entstehenden interaktiven Systems vor Benutzern | F Genaue Zeitpläne zur Erreichung von Usability-Meilensteinen, sodass der Fortschritt überwacht werden kann","0 0 0 1 0 0","",""
"Welche zwei der folgenden Aussagen sind Unterscheidungsmerkmale zwischen den HCD-Reifestufen 1 »Ausgeführt« und 2 »Gemanagt«?","3 Menschzentrierte Gestaltung","A Bei »Gemanagt« gibt es Kontrollmechanismen für die menschzentrierte Gestaltung, bei »Ausgeführt« nicht. | B Bei »Ausgeführt« ist unklar, ob HCD-Aktivitäten korrekt ausgeführt werden. Bei »Gemanagt« gibt es hierzu Kontrollen. | C Bei »Ausgeführt« sind die Arbeitsprodukte der HCD-Aktivitäten bereits angemessen etabliert und definiert. Bei »Gemanagt« werden sie noch zusätzlich kontrolliert. | D Bei »Gemanagt« wird der Prozess zur menschzentrierten Gestaltung sauber geplant, überwacht und angepasst. Bei »Ausgeführt« ist der Prozess eher unkoordiniert. | E Bei »Gemanagt« erfüllen alle Projekte die Anforderungen des menschzentrierten Qualitätssystems. Bei »Ausgeführt« fehlt dies. | F Bei »Gemanagt« ist der Prozess zur menschzentrierten Gestaltung wirksam in Hinblick auf zu erreichende Prozessergebnisse, bei »Ausgeführt« nur bedingt.","0 1 0 1 0 0","",""
"Die folgende Abbildung zeigt den Zusammenhang zwischen de Aktivitäten der menschzentrierten Gestaltung gemäß ISO 9241-210. Welche drei der folgenden Fehler sind in der Abbildung enthalten?","3 Menschzentrierte Gestaltung","A »Anforderungen priorisieren« ist kein separater Prozessschritt in der menschzentrierten Gestaltung. | B Gestaltungslösungen werden nicht nur gegen Nutzungsanforderungen evaluiert, sondern gegen alle Anforderungen. | C Im Ergebnis erfüllt die Gestaltungslösung nicht nur Nutzungsanforderungen, sondern alle Anforderungen. | D Es fehlt die Aktivität »Technische Umsetzung der Gestaltungslösung«. | E »Nutzungskontext verstehen« und »Nutzungsanforderungen festlegen« erfolgt nicht in einer Aktivität, sondern in zwei getrennten Aktivitäten. | F Es fehlt ein Pfeil.","1 0 0 0 1 1","",""
"In einem Produktentwicklungsprozess werden Benutzer nach ihren Anforderungen gefragt, darauf basierend dann im interdisziplinären Team Lösungen gestaltet, mit dem Nutzungskontext abgeglichen und mit Benutzern evaluiert. Nach zwei Iterationen wird das Produkt fertiggestellt und auf den Markt gebracht. Welche zwei der folgenden Grundsätze der menschzentrierten Gestaltung sind hier am ehesten NICHT eingehalten?","3 Menschzentrierte Gestaltung","A Den Benutzer als Mensch ins Zentrum aller Entscheidungen stellen | B Arbeiten im interdisziplinären Team | C Die ganze User Experience betrachten | D Den Nutzungskontext verstehen | E Iterativ arbeiten | F Evaluierungen durchführen","0 0 1 1 0 0","",""
"Welcher eine der folgenden Sätze ist die korrekte Definition des Begriffs »HCD-Reife«?","3 Menschzentrierte Gestaltung","A Der Umfang der Verwendung von Methoden der menschzentrierten Gestaltung in einer Organisation | B Der Grad des Erreichens von hoher Usability bei den Produkten, die eine Organisation entwickelt | C Das Verständnis einer Organisation für die menschzentrierte Gestaltung | D Das Verständnis und die Umsetzung eines systematischen Prozesses menschzentrierter Gestaltung in einer Organisation | E Der Grad, wie sicher festgestellt werden kann, dass ein Produkt ein bestimmtes Usability-Qualitätsziel erreicht hat | F Die Fähigkeit einer Organisation, systematisch eine hohe Usability in ihren Produkten zu erreichen","0 0 0 1 0 0","",""
"Welche zwei der folgenden Begriffe bezeichnen NICHT eine typische Stufe der HCD-Reife einer Organisation?","3 Menschzentrierte Gestaltung","A Innovativ | B Überwachend | C Vollständig | D Unvollständig | E Ausgeführt | F Vorhersagbar","0 1 1 0 0 0","",""
"Welche drei der folgenden Aussagen sind korrekt für einen menschzentrierten Gestaltungsprozess?","3 Menschzentrierte Gestaltung","A Der menschzentrierte Gestaltungsprozess ist eine sinnvolle Alternative zu anderen Gestaltungsprozessen wie V-Modell oder agile Entwicklung. | B In einem menschzentrierten Gestaltungsprozess geht man davon aus, dass eine Lösung beim ersten Ansatz nie alle relevanten Nutzungsanforderungen erfüllen kann. | C Nur wenn man die Gebrauchstauglichkeit einer Lösung evaluiert, kann man sicher sein, dass auch tatsächlich eine hohe Gebrauchstauglichkeit erreicht wird. | D Beim menschzentrierten Gestaltungsprozess konzentriert man sich allein auf die Anforderungen der Benutzer, Anforderungen anderer Stakeholder sind nicht so wichtig. | E Es ist erforderlich, die gesamte User Experience zu berücksichtigen. | F Benutzer werden im Rahmen der Analysephase und der Evaluierung von Gestaltungslösungen direkt beteiligt, in den anderen Phasen nicht.","0 1 1 0 1 0","",""
"Welche zwei der folgenden Aussagen sind gute Gründe, warum man im Kontext menschzentrierter Gestaltung von agiler Entwicklung und Lean UX wissen sollte? (Hinweis: Das hier behandelte Thema ist nicht prüfungsrelevant.)","3 Menschzentrierte Gestaltung","A Agile Entwicklung und Lean UX stehen in Konkurrenz zur menschzentrierten Gestaltung. | B Agile Entwicklung ist eine verbreitete Vorgehensweise, zu der man wissen sollte, dass ein menschzentrierter Prozess sich in diese integrieren lässt. | C Agile Entwicklung ist eine Variante der menschzentrierten Gestaltung. | D Lean UX ist eine Variante der menschzentrierten Gestaltung. | E Agile Entwicklung verfolgt ebenfalls den Ansatz, den Nutzungskontext zuerst zu verstehen und zu spezifizieren, bevor iterativ Lösungsideen entwickelt und getestet werden. | F Die menschzentrierte Gestaltung ist eine Variante der agilen Entwicklung.","0 1 0 1 0 0","",""
"Welche eine der folgenden Aussagen ist KEIN menschzentriertes Qualitätsziel für einen Geldautomaten der nächsten Generation?","4 Planung einer menschzentrierten Gestaltung","A Die Benutzer müssen in der Lage sein, Geld doppelt so schnell wie bisher abzuheben. | B Die Benutzer müssen ein Gefühl der absoluten Privatsphäre haben, wenn sie den Geldautomaten benutzen. | C Die Benutzer müssen in der Lage sein, den Namen des Geldautomatenherstellers doppelt so schnell zu erkennen wie bisher. | D Blinde Benutzer müssen in der Lage sein, ohne fremde Hilfe Geld abzuheben. | E Die Benutzer müssen in der Lage sein, mit jeder gültigen nationalen oder internationalen Bankkarte Geld abzuheben. | F Benutzer, die einen Beleg anfordern, müssen diesen verstehen können.","0 0 1 0 0 0","",""
"Welche drei der folgenden Planungsaktivitäten sind besonders hilfreich, um ein Projekt vor Beginn der inhaltlichen Projektarbeit gezielt gemäß menschzentrierter Gestaltung vorzubereiten?","4 Planung einer menschzentrierten Gestaltung","A Durchzuführende Aktivitäten der menschzentrierten Gestaltung bestimmen | B Benutzer benennen, die im Rahmen von Usability-Tests Designlösungen evaluieren werden | C Art und Umfang der Benutzerbeteiligung festlegen | D Vertreter aller Interessengruppen in die Planung einbeziehen | E Zu erstellende HCD-Ergebnisse festlegen | F Art des Projektmanagements festlegen (Wasserfall/klassisch, Spirale/iterativ oder agil)","1 0 1 0 1 0","",""
"Welche eine der folgenden Aussagen ist KEIN menschzentriertes Qualitätsziel für eine Website eines Online-Buchhandels?","4 Planung einer menschzentrierten Gestaltung","A Benutzer, die die Website das erste Mal benutzen, müssen in der Lage sein, ein vom Benutzer auf der Website ausgewähltes Buch innerhalb von 3 Minuten bestellen zu können. | B Jeder Artikel muss sowohl mit Bildern als auch mit einer ausführlichen Textbeschreibung ausgestattet sein. | C Blinde Benutzer müssen in der Lage sein, die Website zu benutzen. | D Benutzer sollen den Eindruck haben, dass auf der Website ausschließlich hochwertige, besondere Bücher angeboten werden. | E Benutzer sollen mit folgenden Zahlungsmethoden bezahlen können: Sofortüberweisung, Kreditkarte, PayPal. | F Die Website soll mindestens so gut benutzbar sein wie amazon.de.","0 1 0 0 0 0","",""
"Es soll ein kontextuelles Interview zur Analyse des Nutzungskontextes einer Verkehrsampel durchgeführt werden. Im Folgenden werden Fragen formuliert, die im Interview gestellt werden sollen. Welche drei der folgenden Fragen sind Suggestivfragen?","5 Den Nutzungskontext verstehen und festlegen","A »Was geht Ihnen so durch den Kopf, wenn Sie an einer roten Fußgängerampel warten?« | B »Wissen Sie, was ein Vibrationsknopf für Fußgänger ist und wo dieser an der Ampel zu finden ist?« | C »Wie oft passiert es, dass Sie den Fußgängerknopf drücken und sich fragen, ob die Ampel das Drücken des Knopfes realisiert hat oder nicht?« | D »Gefällt Ihnen die moderne Gestaltung des neuen Fußgängerknopfs?« | E »Beschreiben Sie bitte im Detail, was Sie tun, wenn Sie zu einer Fußgängerampel kommen und die Straße überqueren möchten.« | F »Was für eine Art von Melodie möchten Sie am liebsten hören, wenn die Fußgängerampel auf Grün springt?«","0 0 1 1 0 1","",""
"Welche drei der folgenden Aussagen sind korrekt in Bezug auf den Begriff »Beobachtung« im Kontext der menschzentrierten Gestaltung?","5 Den Nutzungskontext verstehen und festlegen","A Das Ziel einer Beobachtung ist das Sammeln von Informationen über den Nutzungskontext. | B Bei einer Beobachtung wird immer die Benutzung des zu betrachtenden interaktiven Systems beobachtet. | C Bei einer Beobachtung darf der Beobachter auf keinen Fall in irgendeiner Form aktiv werden, er darf nur still beobachten. | D Der Fokus einer Beobachtung liegt auf der Erledigung von Aufgaben durch einen Benutzer. | E Eine Beobachtung kann auch dann sinnvoll sein, wenn das infrage kommende interaktive System nicht verfügbar ist oder nicht benutzt wird. | F Eine Beobachtung sollte je nach Fragestellung in einem Usability-Labor durchgeführt werden, um störende Einflüsse zu vermeiden.","1 0 0 1 1 0","",""
"Bianca ist Besitzerin und Managerin von mehreren Pizzerien, die jeweils auch einen Lieferservice anbieten. Vor einiger Zeit hat sie ein IT-System angeschafft, in dem alle Bestellungen von Kunden erfasst und die Lieferungen gesteuert werden. Leider gab es kein Kaufprodukt, das Bianca zufriedenstellen konnte, sodass sie mühsam alle Nutzungsanforderungen spezifiziert hat und ein IT-System maßgeschneidert anfertigen ließ. Nun läuft das System perfekt und alle Benutzer sind hochzufrieden damit. Welche eine der folgenden Aussagen beschreibt Bianca am besten?","5 Den Nutzungskontext verstehen und festlegen","A Bianca ist eine primäre Benutzerin des IT-Systems. | B Bianca ist eine sekundäre Benutzerin des IT-Systems. | C Bianca ist eine indirekte Benutzerin des IT-Systems. | D Bianca ist eine Nachfolgebenutzerin des IT-Systems. | E Bianca ist eine Interessenvertreterin für das IT-System. | F Bianca ist die Auftraggeberin für das IT-System.","0 0 0 0 1 0","",""
"Welche zwei der folgenden Punkte beschreiben Situationen, in denen die Durchführung einer Fokusgruppe sinnvoll sein kann?","5 Den Nutzungskontext verstehen und festlegen","A Es ist unklar, wer genau die Interessenvertreter für ein zu entwickelndes interaktives System sind. | B Es ist unklar, welche Grundhaltung und welche Befürchtungen die Interessenvertreter gegenüber der Entwicklung des interaktiven Systems haben. | C Die Usability einer Gestaltungslösung soll evaluiert werden. | D Erkenntnisse aus Beobachtungen oder Interviews sollen bezüglich ihrer Vollständigkeit und Richtigkeit bewertet werden. | E Interessenvertreter sollen gemeinsam entscheiden, ob ihre Anforderungen ausreichend gut umgesetzt worden sind. | F Die Nutzungsanforderungen an das zu entwickelnde interaktive System sollen ermittelt werden.","0 1 0 1 0 0","",""
"Welche zwei der folgenden Aktivitäten sind NICHT dazu geeignet, den Nutzungskontext für ein interaktives System zu verstehen?","5 Den Nutzungskontext verstehen und festlegen","A Existierende interaktive Systeme analysieren, die mit dem zu gestaltenden System vergleichbar sind | B Personen interviewen, die indirekte Benutzer des interaktiven Systems sind | C Eine Fokusgruppe mit Interessenvertretern des zu gestaltenden interaktiven Systems durchführen | D Eine Persona erstellen für eine betroffene Benutzergruppe | E Das Verhalten von Benutzern während der Durchführung von Aufgaben beobachten, die durch das zu gestaltende interaktive System unterstützt werden sollen | F Lösungsideen für das zu gestaltende interaktive System mit Benutzern diskutieren","0 0 0 1 0 1","",""
"Welche drei der folgenden Eigenschaften sind NICHT ausschlaggebend für eine korrekte User Journey Map?","5 Den Nutzungskontext verstehen und festlegen","A Eine User Journey Map umfasst alle Touchpoints, die für die User Experience des interaktiven Systems relevant sind. | B Eine User Journey Map ist eine Beschreibung von Touchpoints der Benutzer mit dem interaktiven System in Form eines Diagramms. | C User Journey Maps beschreiben entweder aktuell existierende Touchpoints des Benutzers mit dem interaktiven System oder geplante Touchpoints für das zukünftige interaktive System. | D Eine User Journey Map ist die Beschreibung der Touchpoints eines bestimmten Benutzers mit dem interaktiven System. | E Eine User Journey Map ist so gestaltet, dass die gesamte User Experience der Benutzer über alle relevanten Touchpoints hinweg greifbar wird. | F In einer User Journey Map muss pro Touchpoint angegeben werden, was die Aufgaben der Benutzer an diesem Touchpoint sind und mit welchen interaktiven Systemen die Benutzer hier interagieren.","0 1 0 1 0 1","",""
"Welche drei der folgenden Punkte sind Hauptgründe, warum man in Interviews möglichst immer offene, neutrale Fragen stellen soll?","5 Den Nutzungskontext verstehen und festlegen","A Bei offenen Fragen enthalten die Antworten mehr Informationen, was den Ertrag des Interviews steigert. | B Offene Fragen sind in der Regel leichter zu verstehen als geschlossene Fragen. | C Offene Fragen motivieren die interviewte Person eher dazu, ins Reden zu kommen und dadurch eine eventuelle Schüchternheit zu überwinden. | D Neutrale Fragen sind in der Regel leichter zu verstehen. | E Neutrale Fragen geben keinen Hinweis auf erwünschte Antworten und beeinflussen deshalb die interviewte Person in ihrer Antwort nicht. | F Neutrale Fragen sind eher relevant für die interviewte Person und führen deshalb eher dazu, dass sie auch beantwortet werden können.","1 0 1 0 1 0","",""
"Welcher eine der folgenden Punkte ist NICHT eine Komponente eines Nutzungskontextes?","5 Den Nutzungskontext verstehen und festlegen","A Benutzer | B Ziele der Benutzer | C Aufgaben, die die Benutzer durchführen | D Gesetzliche Vorgaben, die bei der Durchführung der Aufgaben zu beachten sind | E Ressourcen, die bei der Benutzung genutzt werden | F Umgebungen, in denen die Benutzung erfolgt","0 0 0 1 0 0","",""
"Welche zwei der folgenden Punkte sind Ausschnitte von validen IstSzenarien für die Website eines Pizza-Lieferservice?","5 Den Nutzungskontext verstehen und festlegen","A Thomas bestellt mindestens zweimal pro Woche eine selbst zusammengestellte Pizza bei seinem bevorzugten Pizza-Lieferservice. Hier kann er die Pizza dann 15 Minuten später abholen. Das geht schneller, als sich die Pizza liefern zu lassen. Seine Kombinationen von Zutaten sind im Pizzamenü der Pizzeria nicht als Standardpizza enthalten. Manchmal kommt er beim Anruf durcheinander und vergisst eine Zutat zu nennen, die er eigentlich haben wollte. Das ärgert ihn dann, wenn er später zu Hause die Pizza genießen will. | B 1. Pizza-Art auswählen (italienisch oder amerikanisch) 2. Pizzagröße auswählen 3. Auswählen, ob die Pizza hälftig belegt werden soll oder die ganze Pizza gleich 4. Zutaten auswählen (entweder pro Hälfte oder für die ganze Pizza) 5. Zusammengestellte Pizza in den Warenkorb legen | C Thomas bestellt oft eine selbst zusammengestellte Pizza beim PizzaLieferservice. Die Website, die er dafür nutzt, ist für ihn leicht zu bedienen, auch wenn er die visuelle Gestaltung ziemlich hässlich findet. Einzig bei der Auswahl der Pizza-Art macht er oft einen Fehler. Dass er sich einloggen kann und seine persönlichen Daten wie Adresse und Zahlweise dann schon voreingestellt sind, findet Thomas sehr praktisch. | D Thomas bestellt oft eine selbst zusammengestellte Pizza beim PizzaLieferservice. Manchmal benutzt er Lieferant A, manchmal Lieferant B. Bei Lieferant A ruft er immer an und muss dann alle Details durchgeben, wobei oft Missverständnisse entstehen, die das Gespräch in die Länge ziehen und es nervig werden lassen. Bei Lieferant B nutzt er gerne die Website zum Bestellen, weil es dann keine Missverständnisse gibt und er in Ruhe aussuchen kann, ohne das Gefühl zu haben, jemandem die Zeit zu stehlen. | E Zunächst muss man die Pizza-Art (italienisch oder amerikanisch) und die Pizzagröße auswählen. Dann gibt es die Möglichkeit, auszuwählen, ob die Pizza hälftig belegt werden soll. Anschließend wählt man die Zutaten aus (pro Hälfte oder für die ganze Pizza) und legt die zusammengestellte Pizza in den Warenkorb. | F Die Website des Pizza-Lieferservice ist für das Bestellen einer selbst zusammengestellten Pizza als ein großes Formular aufgebaut. Das Formular bietet die Möglichkeit, anzugeben, ob die Pizza hälftig belegt werden soll. Je nach Auswahl an dieser Stelle muss anschließend bei jeder ausgewählten Zutat angegeben werden, ob diese auf Hälfte 1, Hälfte 2 oder auf beide Hälften kommen soll. Abschließend wird der Preis für die Pizza angezeigt und der Benutzer kann sie in den Warenkorb legen.","1 0 0 1 0 0","",""
"Welcher eine der folgenden Punkte beschreibt am besten den Zweck von Personas?","5 Den Nutzungskontext verstehen und festlegen","A Personas dienen der Spezifikation von Nutzungsanforderungen. | B Personas werden vom Marketing und vom Management genutzt, um die Wichtigkeit von Marktanforderungen und organisatorischen Anforderungen zu verdeutlichen. | C Personas sind ein wichtiges Hilfsmittel zur Formulierung von IstSzenarien und User Journey Maps. | D Personas werden genutzt, um geeignete Teilnehmer für Usability-Tests zu rekrutieren. | E Personas erleichtern es Interessenvertretern, zu verstehen, wer die Benutzer sind, und über ihre Merkmale und Aufgaben zu kommunizieren. | F Personas dienen der Identifikation von Erfordernissen der Benutzer, um daraus Nutzungsanforderungen abzuleiten.","0 0 0 0 1 0","",""
"Welche zwei der folgenden Eigenschaften definieren ein kontextuelles Interview im Kontrast zu einem allgemeinen Interview?","5 Den Nutzungskontext verstehen und festlegen","A Das Interview fokussiert sowohl auf den Nutzungskontext als auch auf das zu entwickelnde interaktive System selbst. | B Das Interview findet dort statt, wo der Benutzer normalerweise Aufgaben im Zusammenhang mit dem betrachteten interaktiven System ausführt. | C Die interviewte Person soll sich in den Kontext der Benutzung des interaktiven Systems versetzen, um die Fragen des Interviewers besser beantworten zu können. | D Das Interview fokussiert ausschließlich auf den Nutzungskontext des interviewten Benutzers. | E Das Interview wird immer im Kontext einer ganzen Interviewreihe durchgeführt. | F Das Interview wird mit mehreren Benutzern durchgeführt, damit diese sich im Kontext gegenseitig anregen und dadurch mehr und bessere Ergebnisse erzielt werden.","0 1 0 1 0 0","",""
"Eine Pizzeria mit Lieferservice möchte ein IT-System zur Erfassung und Verwaltung aller Bestellungen von Kunden anschaffen, egal ob diese via Website, per Telefon oder in der Pizzeria aufgegeben werden. Sie führen eine Reihe von kontextuellen Interviews durch, um Informationen über den Nutzungskontext der Kunden zu sammeln. Welche zwei der folgenden Aussagen des Interviewers während eines Interviews folgen dem Meister-Schüler-Modell?","5 Den Nutzungskontext verstehen und festlegen","A Interviewte Person: »Ich finde es schön, wenn ich beim Lieferservice anrufe und die schon an der Nummer erkennen, dass ich es bin.« Interviewer: »Das ist interessant. Warum finden Sie das schön?« | B Interviewte Person: »Wenn ich Pizza bestelle, möchte ich oft keine Standardpizza, sondern stelle mir den Belag selbst zusammen.« Interviewer: »Das ist doch bestimmt sehr umständlich, oder? Wäre es nicht hilfreich, wenn der Lieferservice eine ausreichend große Auswahl an Pizzavarianten anbietet?« | C Interviewte Person: »Und wenn die Pizza geliefert wird, ist sie meistens schon kalt.« Interviewer: »Das ist interessant, aber erst mal würde ich gerne wissen, wie lange die Lieferzeit denn maximal sein darf.« | D Interviewte Person: »Meistens rufe ich, so etwa eine Stunde bevor ich essen möchte, beim Lieferservice an, damit …« Interviewer fragt dazwischen: »Wie oft bestellen Sie eigentlich bei einem Lieferservice?« | E Interviewte Person: »Besonders wichtig ist mir, dass ich Mozzarella und Rucola als Zutat bestellen kann.« Interviewer: »Was hatten Sie auf den letzten drei selbst zusammengestellten Pizzen als Belag drauf?« | F Interviewte Person: »Wenn ich länger als 45 Minuten auf die Lieferung warten muss, ist mir das zu lang.« Interviewer: »Wirklich? Die meisten Lieferservices in der Umgebung schaffen es ja nicht mal, innerhalb von 60 Minuten zu liefern.«","1 0 0 0 1 0","",""
"Welche eine der folgenden Methoden ist NICHT geeignet, um etwas über den Nutzungskontext eines Geldautomaten zu erfahren?","5 Den Nutzungskontext verstehen und festlegen","A Bankangestellte befragen | B Benutzer eines existierenden Geldautomaten befragen | C Benutzer während der Bedienung eines existierenden Geldautomaten beobachten | D Usability-Tests mit Geldautomaten von Wettbewerbern durchführen | E Usability-Tests mit einem Prototyp eines neuen Geldautomaten durchführen | F Den neuen Geldautomaten den Bankkunden mit Hilfe eines Videos demonstrieren","0 0 0 0 0 1","",""
"Welche zwei der folgenden Aussagen sind Aufgaben?","5 Den Nutzungskontext verstehen und festlegen","A Eine Reise buchen | B Urlaubsantrag ausfüllen | C Dienstreise umbuchen | D Diensthandy verloren | E Dienstreiseabrechnung | F Dienstreiserichtlinie beachten","1 0 1 0 0 0","",""
"Welcher eine Ausdruck charakterisiert die folgende Beschreibung richtig? Elena Montgomery, Human Resources Coordinator, Amino Pharmaceuticals Elena ist 35 Jahre alt. Sie hat keine Kinder und ist unverheiratet, aber hat seit 4 Jahren einen Freund. Ihre Lieblingsbeschäftigungen sind Tango tanzen und herrliche Tapas zubereiten. Sie spricht annehmbar Spanisch. Elena verbringt den größten Teil ihres Tags mit der Bearbeitung aller Formulare, die nötig sind, um Mitarbeiter in der F&E-Abteilung von Amino Pharmaceuticals anzustellen, zu versetzen und zu kündigen. Wenn etwas unvollständig oder unklar ist, nimmt sie sich die Zeit, die Antwort herauszufinden. Sie ist eine Expertin für alle nötigen Formulare und Verfahren. Elenas Ziele: Aufstieg in HR; Exzellenz durch Genauigkeit; helfen; nicht in Rückstand geraten.","5 Den Nutzungskontext verstehen und festlegen","A Aufgabenmodell | B Persona | C Prototyp | D Ist-Szenario | E Benutzergruppenprofil | F Erfordernis","0 1 0 0 0 0","",""
"Welche eine der folgenden Aussagen beschreibt am genauesten, was eine Benutzergruppe ist?","5 Den Nutzungskontext verstehen und festlegen","A Eine Gruppe von Benutzern, von denen jeder das interaktive System auf die gleiche Weise verwendet | B Eine Gruppe von Benutzern mit gleichen oder ähnlichen persönlichen Merkmalen und den gleichen Zielen bezogen auf das interaktive System | C Eine Gruppe von Benutzern, die das interaktive System in gleichen Nutzungskontext verwenden | D Eine Sammlung von Personas mit gleichen oder ähnlichen persönlichen Merkmalen und Nutzungskontexten bezogen auf das interaktive System | E Eine Gruppe von Benutzern mit gleichen oder ähnlichen persönlichen Merkmalen und Nutzungskontexten bezogen auf das interaktive System | F Eine Gruppe von Benutzern, die in einer Fokusgruppe oder einem Usability-Test gemeinsam das interaktive System diskutieren bzw. testen","0 0 0 0 1 0","",""
"Welche drei der folgenden Punkte sind Teilaufgaben und keine Aufgaben?","5 Den Nutzungskontext verstehen und festlegen","A Dienstreise buchen | B Dienstreise umbuchen | C Dienstreiseantrag ausfüllen | D Dienstreiseantrag zur Genehmigung an den Vorgesetzten schicken | E Dienstreise stornieren | F Kosten der geplanten Dienstreise abschätzen","0 0 1 1 0 1","",""
"Welche zwei der folgenden Punkte sind KEINE Ressourcen, die von einem Koch beim Kochen in der Küche verwendet werden?","5 Den Nutzungskontext verstehen und festlegen","A Die Arbeitsfläche der Küche | B Die Pfanne | C Das Rezept | D Der Strom zum Betreiben des Herdes | E Salz und Pfeffer | F Weingläser","1 0 0 0 0 1","",""
"Welche eine der folgenden Aussagen beschreibt den Zweck einer Fokusgruppe am besten?","5 Den Nutzungskontext verstehen und festlegen","A Fokussierte Informationen von einer Gruppe von Benutzern in einer Usability-Testsitzung sammeln | B Kontextuelle Informationen über die Erfordernisse der Benutzer sammeln, ohne deren Arbeit zu beeinträchtigen | C Kontextuelle Informationen über die Erfordernisse der Benutzer sammeln, indem man mit Benutzern spricht und dabei den Fokus auf eine besondere Benutzergruppe legt | D Ideen für fokussierte Personas und Szenarien durch Befragung von Mitgliedern einer Benutzergruppe sammeln | E Ein tieferes Verständnis ausgewählter Themen und wichtiger Fragen des Nutzungskontexts aus verschiedenen Blickwinkeln gewinnen | F Ein interaktives System evaluieren","0 0 0 0 1 0","",""
"Welche drei der folgenden Beschreibungen sind KEINE Aufgaben?","5 Den Nutzungskontext verstehen und festlegen","A Eine Hotelreservierung stornieren | B Urlaub nehmen | C Diensthandy und Mobilfunktarif bestellen | D Die Anzahl der angekommenen Waren prüfen | E Rechnung zur Lieferung auf Richtigkeit geprüft | F Warenlieferung","0 0 0 1 1 1","",""
"Welche zwei der folgenden Aussagen beschreiben am besten, warum es wichtig ist, zwischen Aufgaben und Teilaufgaben zu unterscheiden?","5 Den Nutzungskontext verstehen und festlegen","A Aufgaben sind für primäre Benutzer und Teilaufgaben sind für sekundäre und indirekte Benutzer. | B Dem Meister-Schüler-Modell zufolge sind Aufgaben für den Meister und Teilaufgaben für den Schüler. | C Aufgaben können zur Erstellung von Usability-Testaufgaben verwendet werden; Teilaufgaben sollten als Grundlage für Usability-Testaufgaben vermieden werden, da sie für sich genommen keinen Wert besitzen. | D Aufgaben bilden die Grundlage für Nutzungsszenarien, während Teilaufgaben die Aktionen des Benutzers am interaktiven System darstellen. | E Aufgaben werden verwendet, um Erfordernisse zu identifizieren. Sowohl Aufgaben als auch Teilaufgaben werden zur Ableitung von Nutzungsanforderungen verwendet. | F Beim Festlegen der Interaktion zwischen Benutzer und interaktivem System im Rahmen der Erledigung einer Aufgabe müssen alle Teilaufgaben, die für die Erledigung dieser Aufgabe erforderlich sind, berücksichtigt werden.","0 0 1 0 0 1","",""
"Welche zwei der folgenden Aussagen sind gültige Ist-Szenarien für eine bestehende Autovermietungs-Website?","5 Den Nutzungskontext verstehen und festlegen","A Rita besucht die Autovermietungs-Website, um einen Kleinwagen zu mieten. Sie vergleicht die Autos, die an ihren Reisedaten verfügbar sind, und wählt das Auto aus, das ihr am besten gefällt. Sie reserviert das Auto für die Abholung am Tag vor ihrer Reise. | B Rita besucht die Autovermietungs-Website, um einen Kleinwagen zu mieten. Ihr ist nicht klar, ob die Autos, die ihr gefallen, an ihren Reisedaten verfügbar sind. Rita sucht nach einer Telefonnummer, um mit jemandem von der Autovermietung zu sprechen, aber sie kann nur einen Chat-Dienst finden, der momentan offline ist. | C 1. Ermitteln Sie die gewünschte Abfahrtszeit. 2. Ermitteln Sie die Kosten für jedes verfügbare Fahrzeug. 3. Wählen Sie ein Fahrzeug (basierend auf Kosten, Größe, persönlichen Vorlieben). 4. Reservieren Sie das Auto. 5. Holen Sie das Auto ab. | D Bei der Anmietung eines Autos müssen die Kunden wissen, welche Fahrzeuge zu den von ihnen ausgewählten Terminen verfügbar sind, damit sie eine gezielte Entscheidung treffen können. | E Bei der Anmietung eines Autos müssen die Kunden das gewünschte Datum auswählen können, damit die Website die verfügbaren Fahrzeuge anzeigen kann. | F Rita kann Auto fahren, besitzt aber kein Auto. Rita besucht am Wochenende gelegentlich ihren Bruder in Lübeck. Diese Reise mit dem Zug zu machen, ist ihr zu teuer und die Busfahrt dauert ihr zu lange. Daher mietet sie normalerweise ein Auto.","1 1 0 0 0 0","",""
"Welche zwei der folgenden Situationen sind gut geeignet, um ein kontextuelles Interview durchzuführen bezüglich des Geldabhebens bei einer Bank?","5 Den Nutzungskontext verstehen und festlegen","A Ein ruhiger Besprechungsraum, wo ein Geldautomat aufgestellt ist | B Ein ruhiger Besprechungsraum, wo der Prototyp eines infrage kommenden neuen Geldautomaten aufgestellt ist | C In der Bank an der Kasse, wo der Kunde Bargeld erhält, wenn er den Geldautomaten nicht verwendet | D Im Vorraum der Bank, wo der Geldautomat steht | E Bei der interviewten Person zu Hause, in ihrer vertrauten Umgebung | F Ein ruhiger Besprechungsraum, es gibt darüber hinaus keine weiteren Anforderungen an den Ort eines kontextuellen Interviews","0 0 1 1 0 0","",""
"Welcher eine der folgenden Punkte beschreibt am besten den Zweck einer User Journey Map?","5 Den Nutzungskontext verstehen und festlegen","A Eine User Journey Map dient der Spezifikation von Nutzungsanforderungen. | B Eine User Journey Map wird vom Marketing und vom Management genutzt, um die Wichtigkeit von Marktanforderungen und organisatorischen Anforderungen zu verdeutlichen. | C Eine User Journey Map erleichtert es Interessenvertretern, zu verstehen, welche Touchpoints es für einen Benutzer in Bezug auf ein interaktives System gibt und wie diese die User Experience beeinflussen. | D Eine User Journey Map ist ein Hilfsmittel zur Verdeutlichung von IstSzenarien. | E Eine User Journey Map wird für die Vorbereitung von Interviews benutzt, sodass keine relevanten Themen vergessen werden. | F Eine User Journey Map dient der Identifikation aller interaktiven Systeme, die betrachtet und eventuell neu gestaltet werden müssen, um die User Experience umfassend verbessern zu können.","0 0 1 0 0 0","",""
"Thomas arbeitet in einer Bank. Eine seiner Aufgaben ist es, die Bargeldmenge im Geldautomaten zu kontrollieren und ggf. bis zum erforderlichen Stand aufzufüllen. Das macht er jeden Morgen und freitagnachmittags in Vorbereitung auf das Wochenende. Welche eine der folgenden Aussagen beschreibt Thomas am besten?","5 Den Nutzungskontext verstehen und festlegen","A Thomas ist kein Benutzer des Geldautomaten, da er kein Geld abhebt. | B Thomas ist primärer Benutzer des Geldautomaten. | C Thomas ist sekundärer Benutzer des Geldautomaten. | D Thomas ist ein indirekter Benutzer des Geldautomaten. | E Thomas ist ein Interessenvertreter für den Geldautomaten, aber kein Benutzer. | F Thomas ist Benutzer des Geldautomaten, aber kein Interessenvertreter.","0 0 1 0 0 0","",""
"Welche drei der folgenden Aussagen sind korrekt in Bezug auf die Begriffe »Aufgabe« und »Teilaufgabe«?","5 Den Nutzungskontext verstehen und festlegen","A Teilaufgaben sind Aufgaben, mit denen kleinere Ziele erreicht werden als bei (Primär) Aufgaben. | B Teilaufgaben können delegiert werden, Aufgaben nicht. | C Teilaufgaben sind Aktivitäten, die dazu beitragen, ein bestimmtes Ziel zu erreichen. | D Aufgaben sind die Gesamtheit der Bedienfunktionen eines interaktiven Systems. | E Durch Erledigung einer Teilaufgabe allein kann man noch kein Ziel erreichen. | F Teilaufgaben sind als Usability-Testaufgaben ungeeignet.","0 0 1 0 1 1","",""
"Welche zwei der folgenden Punkte beschreiben korrekt den Zweck eines Interview-Leitfadens?","5 Den Nutzungskontext verstehen und festlegen","A Sicherstellen, dass keine wichtigen Fragen vergessen werden | B Während des Interviews nicht den Fokus verlieren, worum es in dem Interview gehen soll | C Die Formulierung der Fragen immer gleich halten, um eine Vergleichbarkeit aller Interviews in einer Interviewreihe zu erreichen | D Die Reihenfolge der Fragen immer gleich halten, um eine Vergleichbarkeit aller Interviews in einer Interviewreihe zu erreichen | E Sicherstellen, dass das Meister-Schüler-Modell immer korrekt berücksichtigt wird | F Sicherstellen, dass nur offene und neutrale Fragen gestellt werden","1 1 0 0 0 0","",""
"Ein Kollege plant Interviews mit Benutzern eines Restaurantbewertungssystems. Sein Interview-Leitfaden enthält unter anderem die Frage: Wie wählen Sie ein Restaurant aus? Welche zwei der folgenden Begriffe charakterisieren diese Interviewfrage am besten?","5 Den Nutzungskontext verstehen und festlegen","A Geschlossen | B Formativ | C Suggestiv | D Neutral | E Offen | F Summativ","0 0 0 1 1 0","",""
"Welche drei der folgenden Punkte sind Beobachtungen, die sich im Kontext der Benutzung einer Verkehrsampel auf die Umgebung beziehen?","5 Den Nutzungskontext verstehen und festlegen","A Verkehrsampeln stehen oft, aber nicht immer, an Straßenkreuzungen. | B Verkehrsampeln werden von Kraftwagenfahrern, Motorradfahrern, Fahrradfahrern sowie von Fußgängern und Rollstuhlfahrern benutzt. | C Der Knopf an einer Verkehrsampel wird von Fußgängern oft mehrfach gedrückt. | D Je nach Sonnenstand ist die aufleuchtende Farbe der Verkehrsampel schwer zu erkennen. | E Ein schreiendes Kind im Kinderwagen lenkt die Mutter ab, wodurch sie eventuell nicht mitbekommt, dass die Fußgängerampel bereits auf Grün gesprungen ist. | F Die meisten Kraftwagenfahrer geben nicht Gas, wenn die Verkehrsampel von Grün auf Gelb springt, sondern bremsen ab.","1 0 0 1 1 0","",""
"Emilio ist Auslieferer für Pizzen eines Pizzaservice. Der Pizzaservice hat ein IT-System, in dem Bestellungen von Kunden erfasst werden und Lieferscheine ausgedruckt werden. Diese Lieferscheine benutzt Emilio dann, um die bestellte Ware auszuliefern. Welche eine der folgenden Aussagen beschreibt Emilio am besten?","5 Den Nutzungskontext verstehen und festlegen","A Emilio ist kein Benutzer des IT-Systems, da er nicht damit interagiert. | B Emilio ist ein primärer Benutzer des IT-Systems. | C Emilio ist ein sekundärer Benutzer des IT-Systems. | D Emilio ist ein indirekter Benutzer des IT-Systems. | E Emilio ist ein Interessenvertreter für das IT-System, aber kein Benutzer. | F Emilio ist ein Nachfolgebenutzer des IT-Systems.","0 0 0 1 0 0","",""
"Welche zwei der folgenden Aussagen sind Aufgaben?","5 Den Nutzungskontext verstehen und festlegen","A Ein Auto mieten | B Sich auf der Website einer Autoverleihfirma registrieren | C Eine Reservierung stornieren | D Versicherungsbedingungen beachten | E Den Wagentyp für eine Automiete auswählen | F Den täglichen Mietpreis für ein Navigationssystem ermitteln","1 0 1 0 0 0","",""
"Welche drei der folgenden Richtlinien sind wichtig für ein erfolgreiches Interview zur Nutzungskontextanalyse mit einem Benutzer?","5 Den Nutzungskontext verstehen und festlegen","A Das Interview sollte im Nutzungskontext erfolgen. | B Das Interview sollte an einem neutralen Ort stattfinden. | C Der Interviewer ist der Meister – der Benutzer ist der Schüler. | D Der Benutzer ist der Meister – der Interviewer ist der Schüler. | E Stellen Sie neutrale Fragen. | F Stellen Sie geschlossene Fragen.","1 0 0 1 1 0","",""
"Welche eine der folgenden Aussagen beschreibt am besten, was ein Aufgabenmodell ist?","5 Den Nutzungskontext verstehen und festlegen","A Eine Auflistung der Aktivitäten innerhalb einer Aufgabe, die ausgeführt werden müssen, um die Ziele des Benutzers zu erreichen. | B Eine Beschreibung der Teilaufgaben, die ein Benutzer während einer Beobachtung durchgeführt hat, um ein bestimmtes Ziel zu erreichen. | C Eine strukturierte Auflistung aller Aufgaben, die Benutzer mit dem interaktiven System durchführen können sollen. | D Eine strukturierte Auflistung aller Aufgaben, die ein bestimmter Benutzer während einer Beobachtung mit dem interaktiven System durchgeführt hat. | E Eine modellhafte Beschreibung der Interaktion des Benutzers mit dem interaktiven System, durch die er ein bestimmtes Ziel erreicht. | F Eine Beschreibung der Vorbedingung und des zu erreichenden Zieles für eine Aufgabe.","1 0 0 0 0 0","",""
"Welche drei der folgenden Punkte sind Arten von Umgebungen, die im Rahmen der Betrachtung des Nutzungskontexts relevant sind?","5 Den Nutzungskontext verstehen und festlegen","A Physische Umgebung | B Soziale Umgebung | C Historische / geschichtliche Umgebung | D Technische Umgebung | E Politische Umgebung | F Emotional-psychologische Umgebung","1 1 0 1 0 0","",""
"Welche zwei der folgenden Dinge werden NICHT bei der Erhebung des Nutzungskontextes identifiziert, um sie für die weitere menschzentrierte Gestaltung verwenden zu können?","5 Den Nutzungskontext verstehen und festlegen","A Ziele der Benutzer | B Aufgaben der Benutzer | C Arbeitsmittel, die Benutzer bei der Erledigung von Aufgaben verwenden | D Nutzungsanforderungen | E Beschreibung der physischen Umgebung, in der die Benutzer sich befinden | F Gestaltungslösungen, die sich Benutzer wünschen","0 0 0 1 0 1","",""
"Welche drei der folgenden Fragestellungen sind geeignet, um sie in einem kontextuellen Interview mit einem Benutzer zu besprechen bezüglich der Benutzung eines Geldautomaten einer Bank?","5 Den Nutzungskontext verstehen und festlegen","A Welche Anforderungen hat der Benutzer an einen Geldautomaten? | B Was für verschiedene Orte gibt es, an denen der Benutzer einen Geldautomaten benutzt? | C Welche Ziele hat der Benutzer genau, wenn er einen Geldautomaten benutzt? | D Welche Anmerkungen möchte der Benutzer machen bezüglich eines präsentierten Prototyps eines neuen Geldautomaten? | E Welche Erwartungen hat der Benutzer gegenüber der Bank und seinen Finanzprodukten? | F Welche Aufgaben hat der Benutzer, die mit einem Geldautomaten in Zusammenhang stehen könnten?","0 1 1 0 0 1","",""
"Welche drei der folgenden Eigenschaften sind ausschlaggebend für eine korrekte Persona?","5 Den Nutzungskontext verstehen und festlegen","A Es muss ein konstruierter und realistischer Benutzer beschrieben werden, der aber nicht real existieren darf. | B Die Grundlage der Persona müssen immer empirisch ermittelte Daten sein. | C Die Persona-Beschreibung muss immer aussagen, welche Ziele der Benutzer bei der Benutzung des betrachteten interaktiven Systems verfolgt. | D Es müssen immer enthalten sein: Ein Foto, Vorund Nachname, Alter, Ziele und Wünsche, aktuelle Probleme, Informationen über wesentliches Wissen im Themenfeld des interaktiven Systems und die Benennung des interaktiven Systems selbst. | E Pro Benutzergruppe wird immer nur eine Persona erstellt. | F Die Persona muss erstellt werden auf Basis empirisch ermittelter Daten über mindestens fünf verschiedene reale Benutzer.","1 1 1 0 0 0","",""
"Folgende Frage soll in einem kontextuellen Interview zur Analyse des Nutzungskontextes einer Verkehrsampel gestellt werden: »Möchten Sie eine visuelle Rückmeldung von der Verkehrsampel erhalten, ob der Fußgängerknopf bereits gedrückt wurde?« Welche zwei der folgenden Ausdrücke charakterisieren die Interviewfrage am besten?","5 Den Nutzungskontext verstehen und festlegen","A Neutral | B Geschlossen | C Suggestiv | D Implizit | E Offen | F Explizit","0 1 1 0 0 0","",""
"Welche eine der folgenden Punkte ist die korrekte Definition des Begriffs »Benutzer« im Kontext der menschzentrierten Gestaltung?","5 Den Nutzungskontext verstehen und festlegen","A Eine Person, die ein interaktives System benutzt oder benutzen könnte | B Eine Person, die ein interaktives System benutzt oder die etwas bereitstellt, was im Rahmen der Interaktion mit dem System verwendet wird | C Eine Person, die mit einem interaktiven System interagiert oder die Ergebnisse benutzt, die von dem interaktiven System erzeugt werden | D Eine Person mit einem aktiven Interesse an einem interaktiven System | E Ein Mensch, der ein interaktives System benutzt oder von der Benutzung des interaktiven Systems beeinflusst wird | F Ein Mensch, der einen direkten Einfluss auf die Benutzung eines interaktiven Systems hat","0 0 1 0 0 0","",""
"Welche zwei der folgenden Fragen sind am besten geeignet, den Nutzungskontext einer Hotelbuchungs-Website zu verstehen, wenn eine Benutzerbefragung verwendet wird?","5 Den Nutzungskontext verstehen und festlegen","A Was erwarten Sie von einer Hotelbuchungs-Website? | B Wie zufrieden sind Sie mit der neuen Buchungswebsite für das Hotel Zeta in Brüssel? | C Wie beurteilen Sie die Aussage: »Die neue Hotelbuchungs-Website sieht gut aus«? | D Aus welchem Grund haben Sie zuletzt eine Hotelbuchungs-Website genutzt? | E Wie sind derzeit die finanziellen Aussichten für neue Hotels? | F Wie beurteilen Sie die Aussage: »Die neue Hotelbuchungs-Website entspricht meinen Erwartungen«?","1 0 0 1 0 0","",""
"Welche drei der folgenden Aussagen sind korrekt formulierte Erfordernisse in Bezug auf das interaktive System Verkehrsampel?","6 Nutzungsanforderungen festlegen","A Der Fußgänger muss wissen, ob die Fußgängerampel grün ist, um gefahrlos über die Straße gehen zu können. | B Die Fußgängerin muss wissen, ob heraneilende Fahrzeuge anhalten werden, um entscheiden zu können, ob sie die Straße überquert oder stehen bleibt. | C Der Autofahrer muss wissen, wie lange er noch legal die Kreuzung passieren darf, um entscheiden zu können, ob er seine Geschwindigkeit erhöhen und schnell noch über die Kreuzung fahren soll oder abbremsen soll. | D Die Autofahrerin muss wissen, ob sie beim Abbiegen nach links mit Gegenverkehr oder mit Fußgängern auf der Zielstraße rechnen muss. | E Der Fußgänger muss vor Betreten der Straße wissen, wie lange er noch Zeit hat, die Straße gefahrlos zu überqueren, um zu entscheiden, ob er die Straße überquert oder stehen bleibt. | F Der Autofahrer muss in der Lage sein, bei jeder Art der Sonneneinstrahlung die legale Überquerbarkeit der Kreuzung zu erkennen.","0 1 1 0 1 0","",""
"Welche zwei der folgenden Aussagen sind NICHT korrekt in Bezug auf qualitative Nutzungsanforderungen?","6 Nutzungsanforderungen festlegen","A Nutzungsanforderungen werden aus Erfordernissen abgeleitet. | B Nutzungsanforderungen beschreiben die Gestaltung der Benutzungsschnittstelle so wie sie vom Benutzer gebraucht wird. | C In der Formulierung einer Nutzungsanforderung sollte immer die erforderliche Interaktion mit einem interaktiven System spezifiziert sein. | D Eine Nutzungsanforderung muss immer so formuliert sein, dass objektiv überprüft werden kann, ob sie eingehalten wird oder nicht. | E Nutzungsanforderungen können basierend auf Usability-Tests mit dem neu gestalteten interaktiven System angepasst oder ergänzt werden. | F Die Grundlage der Formulierung von Nutzungsanforderungen ist immer eine Nutzungskontextanalyse.","0 1 0 0 0 1","",""
"Welche drei der folgenden Aussagen über Erfordernisse und Nutzungsanforderungen sind korrekt?","6 Nutzungsanforderungen festlegen","A Erfordernisse werden aus Nutzungsanforderungen abgeleitet. | B Nutzungsanforderungen werden aus Erfordernissen abgeleitet. | C Erfordernisse sind eine spezifische Form von Nutzungsanforderungen, die sich direkt aus den Zielen der Benutzer ableiten lassen. | D Erfordernisse sind immer unabhängig von irgendeiner Lösung, wogegen Nutzungsanforderungen die Basis für eine Lösung sind. | E Erfordernisse und Nutzungsanforderungen haben keine Beziehung zueinander, sie dienen parallel als Maßgabe für die Entwicklung erfolgreicher Lösungen. | F Erfordernisse beziehen sich primär auf das, was im Nutzungskontext erforderlich ist, wogegen Nutzungsanforderungen sich primär auf die notwendige Interaktion des Benutzers mit einem interaktiven System beziehen.","0 1 0 1 0 1","",""
"Im Folgenden werden Aussagen zu Interessenvertretern einer Verkehrsampel gemacht. Welche drei der folgenden Aussagen sind korrekt?","6 Nutzungsanforderungen festlegen","A Eine Produktentwicklerin, die den Fußgängerknopf der Verkehrsampel technisch umsetzt, hat vorrangig Marktanforderungen an die Gestaltung der Verkehrsampel. | B Ein Bürger, der an der Verkehrsampel die Straße überqueren will, hat vorrangig organisatorische Anforderungen an die Gestaltung der Verkehrsampel. | C Der Gesetzgeber hat vorrangig Marktanforderungen für den Einsatz von Verkehrsampeln. | D Für ein Baby in einem Kinderwagen, das von einem Erwachsenen bei einer Fußgängerampel über die Straße geschoben wird, können sich Nutzungsanforderungen an die Gestaltung der Verkehrsampel ergeben. | E Ein Wartungsmitarbeiter, der defekte Verkehrsampeln repariert, hat vor allem organisatorische Anforderungen bei der Durchführung der Wartung zu beachten. | F Die Amtsperson, die die Finanzierung von Verkehrsampeln verantwortet, stellt Anforderungen hinsichtlich der zulässigen Kosten der Verkehrsampel.","0 0 0 1 1 1","",""
"Bei welchen drei der folgenden Aussagen handelt es sich um eine Kombination von einem Erfordernis und einer Nutzungsanforderung, bei der die Nutzungsanforderung aus dem Erfordernis ableitbar ist?","6 Nutzungsanforderungen festlegen","A Erfordernis: Der Kunde muss wissen, welche Zutaten zum Belegen einer selbst zusammengestellten Pizza verfügbar sind, um sich seine Pizza zusammenstellen zu können. Nutzungsanforderung: Der Kunde muss auf der Website des PizzaLieferservice die verfügbaren Zutaten überblicken können. | B Erfordernis: Der Kunde muss wissen, wann die Pizzabestellung bei ihm eintreffen wird, um entscheiden zu können, ob er die Bestellung durchführen möchte oder nicht. Nutzungsanforderung: Der Kunde muss auf der Website des PizzaLieferservice den voraussichtlichen Lieferzeitpunkt seiner Bestellung erkennen können. | C Erfordernis: Der Kunde muss wissen, welche Zahlungsmöglichkeiten verfügbar sind, um entscheiden zu können, ob er die Bestellung mit einem der angebotenen Zahlungsmittel durchführen möchte oder nicht. Nutzungsanforderung: Der Kunde muss auf der Website als Zahlungsmittel die Details seiner Kreditkarte eingeben können. | D Erfordernis: Der Kunde muss die Bestellung im Überblick prüfen können, bevor er die Bestellung abschließend auslöst. Nutzungsanforderung: Der Kunde muss auf der Webseite vor dem Kauf die Zutaten für jede bestellte Pizza überblicken können. | E Erfordernis: Der Kunde muss wissen, bei welchem Pizza-Lieferservice er gerade bestellt, um sicherzustellen, dass der Pizza-Lieferservice die Pizza in der erwarteten Qualität liefert. Nutzungsanforderung: Der Kunde muss auf jeder Seite der Website des Pizza-Lieferservice das Logo und den Namen des Pizza-Lieferservice erkennen können. | F Erfordernis: Der Kunde muss vor dem Kauf wissen, welche Zahlungsmöglichkeiten verfügbar sind, um entscheiden zu können, ob er die Bestellung durchführen möchte oder nicht. Nutzungsanforderung: Als Zahlungsmittel müssen »Barzahlung bei Lieferung«, »PayPal« und »Kreditkarte« angeboten werden.","1 1 0 0 1 0","",""
"Welche drei der folgenden Aussagen sind korrekt in Bezug auf die Unterschiede zwischen Marktanforderungen, organisatorischen Anforderungen und Nutzungsanforderungen?","6 Nutzungsanforderungen festlegen","A Die Zielsetzung von Marktanforderungen ist, Geschäftschancen, Absatz und Nutzen für das Unternehmen zu maximieren. Damit können Marktanforderungen durchaus organisatorischen Anforderungen oder Nutzungsanforderungen entgegenstehen. | B Organisatorische Anforderungen sowie Marktanforderungen können sich aus gesetzlichen Anforderungen ergeben, Nutzungsanforderungen hingegen nicht. | C Organisatorische Anforderungen sind immer Anforderungen an die Benutzer, aus denen sich dann Anforderungen an das interaktive System ergeben können. | D Nutzungsanforderungen sind immer Anforderungen an die Nutzung des interaktiven Systems. | E Marktanforderungen werden oft auch »kaufentscheidende Nutzungsanforderungen« genannt. | F Organisatorische Anforderungen ergeben sich immer aus Marktanforderungen.","1 0 1 1 0 0","",""
"Welche drei der folgenden Aussagen über qualitative und quantitative Nutzungsanforderungen sind korrekt?","6 Nutzungsanforderungen festlegen","A Quantitative Nutzungsanforderungen können für eine UsabilityEvaluierung genutzt werden, qualitative Nutzungsanforderungen dagegen nicht, diese werden nur für die Steuerung der Lösungsgestaltung genutzt. | B Sowohl qualitative als auch quantitative Nutzungsanforderungen beziehen sich auf die Interaktion des Benutzers mit dem interaktiven System. | C Qualitative Nutzungsanforderungen werden aus Erfordernissen abgeleitet, quantitative Nutzungsanforderungen führen zu Erfordernissen. | D In einem Usability-Test kann nur die Erfüllung von qualitativen Nutzungsanforderungen geprüft werden, die Erfüllung von quantitativen Nutzungsanforderungen wird durch Benutzerbefragungen geprüft. | E Sowohl qualitative als auch quantitative Nutzungsanforderungen bilden die Grundlage für die Gestaltung des interaktiven Systems. | F Qualitative Nutzungsanforderungen werden in erster Linie zur Steuerung der Lösungsgestaltung genutzt, quantitative Nutzungsanforderungen in erster Linie als Akzeptanzkriterien.","0 1 0 0 1 1","",""
"Welche drei der folgenden Aussagen stellen Erfordernisse dar?","6 Nutzungsanforderungen festlegen","A Der Account Manager muss das tägliche Abrechnungsprotokoll erstellen können, basierend auf der Anzahl der erhaltenen Rechnungen und deren Beträgen. | B Der Autofahrer muss wissen, was die aktuelle Höchstgeschwindigkeit ist, um sicher und regelgerecht zu fahren. | C Die Laborantin muss die Reihenfolge der Messaufträge in einer Arbeitsliste frei bestimmen können, um die Messaufträge abarbeiten zu können. | D Der Account Manager muss wissen, wie viele Rechnungen erhalten wurden und in welcher Höhe, um das tägliche Abrechnungsprotokoll erstellen zu können. | E Der Koch muss einen hitzebeständigen Behälter (z.B. eine Pfanne) verfügbar haben, um auf dem Herd ein Steak braten zu können. | F Die Fußgängerin muss wissen, ob die Fußgängerampel grün ist, um gefahrlos über die Straße gehen zu können.","0 1 0 1 1 0","",""
"Welcher eine der unten stehenden Begriffe beschreibt die folgende Aussage am besten? 80% der Benutzer, die die Autovermietungs-Website schon mindestens zweimal genutzt haben, müssen in der Lage sein, am Flughafen Frankfurt ein Auto für zwei Tage ab morgen 09.00 Uhr zu mieten. Benutzer müssen die Aufgabe in weniger als 5 Minuten erledigen können.","6 Nutzungsanforderungen festlegen","A Low-Fidelity-Prototyp-Anforderung | B Nutzungsszenario | C Usability-Testaufgabe | D Erfordernis | E Quantitative Nutzungsanforderung | F Qualitative Nutzungsanforderung","0 0 0 0 1 0","",""
"Welche zwei der folgenden Aussagen sind gültige Nutzungsanforderungen für eine Autovermietungs-Website (im Gegensatz zu organisatorischen Anforderungen und Marktanforderungen)?","6 Nutzungsanforderungen festlegen","A Benutzer, die das System zum ersten Mal benutzen, müssen im Durchschnitt in der Lage sein, ein Auto innerhalb von 10 Minuten zu mieten. | B Das Firmenlogo muss in der oberen linken Ecke jeder Webseite erscheinen. | C Die Website muss mindestens so benutzbar sein wie die der zwei stärksten Wettbewerber. | D Der Benutzer muss ein Hilfesystem verfügbar haben. | E Wenn der Benutzer beruflich ein Auto mietet, muss er das Unternehmen angeben, in dessen Namen er mietet. | F Benutzer müssen auswählen können, dass die Reservierung storniert wird.","1 0 0 0 0 1","",""
"Welche zwei der folgenden Aussagen über Erfordernisse sind richtig?","6 Nutzungsanforderungen festlegen","A Erfordernisse werden immer aus Sicht des Benutzers formuliert. | B Erfordernisse sind Teil der Informationsarchitektur. | C Erfordernisse sind immer quantifiziert. | D Die Erfordernisse für eine Benutzergruppe können sich von den Erfordernissen für eine andere Benutzergruppe im gleichen Nutzungskontext unterscheiden. | E Erfordernisse sind identisch mit Benutzerzielen. | F Erfordernisse werden verwendet, um gute Fehlermeldungen zu formulieren.","1 0 0 1 0 0","",""
"Welche drei der folgenden Aussagen sind Nutzungsanforderungen an die Website eines Pizza-Lieferservice?","6 Nutzungsanforderungen festlegen","A Der Benutzer muss auf der Website auswählen können, ob er eine italienische Pizza oder eine amerikanische Pizza bestellen möchte. | B Die Website muss in der Lage sein, bis zu 30 Benutzer gleichzeitig eine Bestellung zusammenstellen zu lassen. | C Falls der Benutzer auf der Website ausgewählt hat, dass seine Pizza aus zwei unterschiedlich belegten Hälften bestehen soll, muss er anschließend für jede Zutat auswählen können, ob sie auf Hälfte 1 oder auf Hälfte 2 oder auf beide Hälften kommen soll. | D Der Benutzer muss wissen, wie viele Zutaten er maximal für eine selbst zusammengestellte Pizza auswählen darf, um eine bestellbare Pizza zusammenstellen zu können. | E Die Website muss von Benutzern als »einfach zu benutzen« bewertet werden. | F 95% der Benutzer der Website müssen eine selbst zusammengestellte Pizza ohne Fehler bestellen können.","1 0 1 0 0 1","",""
"Welche drei der folgenden Aussagen sind Marktanforderungen oder organisatorische Anforderungen, im Gegensatz zu Nutzungsanforderungen?","6 Nutzungsanforderungen festlegen","A Die Benutzer müssen im Laden vor der Kaufentscheidung ohne Konsultation eines Verkäufers verstanden haben, wie das Produkt funktioniert. | B Bevor der Benutzer auf Rechnung bestellen kann, muss er in den fünf vorherigen Bestellungen immer korrekt bezahlt haben. | C Der Benutzer muss vor Auslösen einer Bestellung auswählen können, dass er mindestens 18 Jahre alt ist. | D Der Benutzer muss mindestens 18 Jahre alt sein, damit er bestellen darf. | E Der Benutzer muss auf der Website jederzeit erkennen können, zu welchem Unternehmen die Website gehört. | F Der Benutzer muss vor der Anzeige des Gesamtbetrags seiner Bestellung seine Adresse eingeben können, damit ihm die Versandkosten korrekt angezeigt werden.","1 1 0 1 0 0","",""
"Welche drei der folgenden Aussagen über Erfordernisse sind korrekt?","6 Nutzungsanforderungen festlegen","A Erfordernisse sind Voraussetzungen, die gegeben sein müssen, damit der Benutzer ein bestimmtes Ziel erreichen kann. | B Erfordernisse sind Voraussetzungen, die hilfreich sind, damit der Benutzer sein Ziel erreichen kann. | C Erfordernisse werden ausschließlich mittels Interviews, Beobachtungen oder Benutzerbefragungen identifiziert. | D Erfordernisse werden aus Nutzungsanforderungen abgeleitet. | E Erfordernisse sind immer unabhängig von irgendeiner Lösung. | F Erfordernisse dienen dazu, Nutzungsanforderungen korrekt und umfassend spezifizieren zu können.","1 0 0 0 1 1","",""
"Welche zwei der folgenden Personen sind Interessenvertreter, aber KEINE Benutzer einer Autovermietungs-Website?","6 Nutzungsanforderungen festlegen","A Ein Trainer, der den Mitarbeitern eines Callcenters beibringt, wie man die Autovermietungs-Website benutzt | B Ein Mitarbeiter des Callcenters, der auf der Autovermietungs-Website für einen Kunden eine Reservierung vornimmt | C Ein Designer, der die Benutzungsschnittstelle der AutovermietungsWebsite gestaltet | D Ein Kontoadministrator, der eine E-Mail-Rechnung für eine Reservierung auf der Autovermietungs-Website bekommt | E Ein Kunde, der über einen Mitarbeiter im Callcenter eine Reservierung auf der Autovermietungs-Website vornehmen lässt | F Ein Mitarbeiter im Marketing, der über die AutovermietungsWebsite eine Werbeaktion mit »10% Rabatt auf die KfzVersicherung« laufen lässt, die für alle Benutzer gilt, die direkt über die Website ein Auto reservieren","0 0 1 0 0 1","",""
"Welche drei der folgenden Punkte sind Beispiele für UX-bezogene Ergebnisse der Informationsarchitektur?","6 Nutzungsanforderungen festlegen","A Die Festlegung der erlaubten Verwendung von Farben in der Benutzungsschnittstelle | B Das Datenmodell der Aufgabenobjekte in der Benutzungsschnittstelle des interaktiven Systems | C Die Strukturierung von Gestaltungsregeln in einem Styleguide | D Eine Liste aller Begriffe, die in der Benutzungsschnittstelle auftauchen | E Die Navigationsstruktur für die Dialogboxen, Seiten oder Fenster des interaktiven Systems | F Die Festlegung, bei welchem Touchpoint welche Informationen über das interaktive System dem Benutzer zur Verfügung gestellt werden","0 1 0 1 1 0","",""
"Welcher eine der folgenden Punkte ist KEIN Beispiel für Benutzerunterstützung?","7 Lösungen gestalten, die Nutzungsanforderungen erfüllen","A Ein Anweisungstext in der Benutzungsschnittstelle | B Eine Bedienungsanleitung | C Hinweise, die angezeigt werden, um den Benutzer bei der Behebung eines Fehlers zu unterstützen | D Die Statusinformation »Das Dokument wurde gespeichert« | E Die Beschriftung »Datum« an einem Eingabefeld | F Ein Lehrvideo, wie vorgegangen werden muss, um eine bestimmte Aufgabe mit dem interaktiven System zu erledigen","0 0 0 0 1 0","",""
"Welche zwei der folgenden Aspekte sind Teil der Informationsarchitektur?","7 Lösungen gestalten, die Nutzungsanforderungen erfüllen","A Styleguide | B Gestaltungsregeln | C Festlegen des Grafikdesigns | D Die Ausdrücke, die in der Benutzungsschnittstelle für Navigation und Inhalt verwendet werden | E Wireframes | F Die Struktur der Informationen, die dem Benutzer zur Verfügung stehen müssen","0 0 0 1 0 1","",""
"Welche zwei der folgenden Aussagen über User-Interface-Elemente sind korrekt?","7 Lösungen gestalten, die Nutzungsanforderungen erfüllen","A Die Top-Level-Navigation einer Website ist ein Beispiel für ein UserInterface-Element. | B User-Interface-Elemente sind die Komponenten einer Benutzungsschnittstelle, die interaktiv sind. | C Das Standardisieren von User-Interface-Elementen über interaktive Systeme hinweg fördert die Erlernbarkeit für die Benutzer. | D User-Interface-Elemente werden in Form von Gestaltungsregeln definiert. | E Ein Tooltip ist ein Beispiel für ein User-Interface-Element. | F User-Interface-Elemente sind Lösungen für häufig auftretende Gestaltungsprobleme.","0 0 1 0 1 0","",""
"Welche zwei der folgenden Aussagen beschreiben eine Gestaltung eines interaktiven Systems, die den Grundsätzen des ethischen Designs NICHT folgt?","7 Lösungen gestalten, die Nutzungsanforderungen erfüllen","A Beim Einwilligungsbanner auf einer Website (auch »Cookie-Banner« genannt) ist die Standardeinstellung beim Bestätigen durch den Benutzer die bzgl. Datenschutz für ihn beste Einstellung. Dies wird auch durch die DSGVO gesetzlich gefordert. | B Während der Benutzung einer App wird der Benutzer wiederholt darauf aufmerksam gemacht, was die App alles leisten kann und warum er die App weiterbenutzen sollte. | C In einer Fitness-App kann der Benutzer durch Sport und Bewegung Punkte sammeln und damit Preise gewinnen. Wenn der Benutzer sich nicht genug bewegt, wird er von der App erinnert und es werden keine weiteren Punkte vergeben. | D Eine Social-Media-Website bietet dem Benutzer an, einen Newsletter zu abonnieren mit der Formulierung »Abonnieren Sie unseren kostenlosen Newsletter«. Der Benutzer muss zum Abonnieren seinen Namen und seine E-Mail-Adresse angeben sowie weitere persönliche Angaben. | E Eine mobile Zahlungsanwendung zur Benutzung im Restaurant setzt eine Option »Trinkgeld« als Standard. Der Benutzer kann den voreingestellten Trinkgeld-Betrag auswählen oder die Option abwählen. | F Ein Online-Streamingdienst kann einen Monat gratis getestet werden. Der Benutzer wird eine Woche vor Ablauf der Gratis-Zeit informiert und erhält die Möglichkeit, sein Abonnement fortzusetzen, indem er seine Kreditkartendaten zur Bezahlung des Abonnements hinterlegt.","0 0 0 1 1 0","",""
"Welche zwei der folgenden Aussagen über User-Interface-Spezifikationen sind korrekt?","7 Lösungen gestalten, die Nutzungsanforderungen erfüllen","A Der Zweck einer User-Interface-Spezifikation ist, die Einhaltung aller relevanten Anforderungen überprüfen zu können. | B Eine allgemeingültige Regelung, welche Farbe wofür verwendet werden darf, ist Bestandteil einer User-Interface-Spezifikation. | C Es kann sein, dass eine User-Interface-Spezifikation nur aus einem annotierten Prototyp besteht. | D Meldungen (Fehlermeldungen, Warnungen, Hinweise) gehören zur Informationsarchitektur und nicht zur User-Interface-Spezifikation. | E Welche User-Interface-Elemente wofür verwendet werden dürfen, ist Bestandteil einer User-Interface-Spezifikation. | F Der primäre Adressat einer User-Interface-Spezifikation sind die Entwickler.","0 0 1 0 0 1","",""
"Welcher eine der folgenden Aspekte ist der primäre Fokus von nachhaltigem Design?","7 Lösungen gestalten, die Nutzungsanforderungen erfüllen","A Das nachhaltige Erreichen der Ziele der Benutzer durch die Verwendung des interaktiven Systems | B Das Minimieren des kognitiven Aufwands für die Bedienung des interaktiven Systems | C Das Minimieren des Energieaufwands für die Verwendung des interaktiven Systems | D Die Vermeidung von Umweltverschmutzung und Energieverschwendung bei der Verwendung des interaktiven Systems | E Die dauerhafte Erfüllung aller relevanten Anforderungen durch das interaktive System | F Das Minimieren der erforderlichen Ressourcen für die Nutzung des interaktiven Systems","0 0 0 0 0 1","",""
"Welche drei der folgenden Aussagen sind korrekt in Bezug auf Storyboards?","7 Lösungen gestalten, die Nutzungsanforderungen erfüllen","A Storyboards sind etwas Ähnliches wie Nutzungsszenarien. | B Storyboards werden in der Gestaltungsphase erstellt. | C Ein Storyboard ist ähnlich einem Kanban-Board, nur dass es keine Arbeitspakete enthält, sondern User Stories. | D Ein Storyboard ist eine comicartige Darstellung des Zusammenspiels zwischen einem Benutzer und einem interaktiven System. | E Ein Storyboard ist eine umfassende Sammlung aller Nutzungsszenarien für ein zu erstellendes interaktives System. | F Storyboards werden von Benutzern im Rahmen von UsabilityEvaluierungen erstellt.","1 1 0 1 0 0","",""
"Welche drei der folgenden Aussagen über Prototypen und Wireframes sind korrekt?","7 Lösungen gestalten, die Nutzungsanforderungen erfüllen","A Ein Wireframe ist ein Bestandteil eines Prototyps. | B Ein Prototyp ist eine Form von Wireframe. | C Bei der Evaluierung von Prototypen können Informationen über den Nutzungskontext ermittelt werden. | D Prototypen werden immer nur in der Designphase und der Evaluierungsphase verwendet. | E Prototypen können als Teil der Spezifikation für die Implementierung der Benutzungsschnittstelle eines interaktiven Systems dienen. | F Wireframes zeigen nicht das visuelle Design des interaktiven Systems, wohl aber das exakte Layout von allen UI-Elementen in einem Screen oder einer Seite.","1 0 1 0 1 0","",""
"Für eine interne Demonstration hat einer Ihrer Kollegen ein neues Bestellsystem auf einigen Blättern Papier skizziert. Jedes Blatt stellt einen Screen dar. Der Inhalt der Screens ist handgezeichnet und unvollständig. Ihr Kollege wechselt die Screens, sobald man auf den Button »klickt«, indem man mit einem Bleistift das Blatt berührt. Welcher eine der folgenden Begriffe beschreibt diese Sammlung von Skizzen am besten?","7 Lösungen gestalten, die Nutzungsanforderungen erfüllen","A Gestaltungsregel | B Low-Fidelity-Prototyp | C High-Fidelity-Prototyp | D Wireframe | E Styleguide | F Storyboard","0 1 0 0 0 0","",""
"Welche zwei der folgenden Aussagen beschreiben wichtige Merkmale eines Wireframe?","7 Lösungen gestalten, die Nutzungsanforderungen erfüllen","A Ein Wireframe besteht aus Formen wie zum Beispiel Linien, Kästen und Text. | B Ein Wireframe beinhaltet Aspekte des visuellen Designs des interaktiven Systems. | C Ein Wireframe zeigt immer das exakte visuelle Design des interaktiven Systems. | D Ein Wireframe ist eine Seite / ein Screen in einem Low-FidelityPrototyp. | E Ein Wireframe beinhaltet Aspekte des Layouts der User-InterfaceElemente. | F Ein Wireframe zeigt immer das exakte Layout der User-InterfaceElemente.","1 0 0 1 0 0","",""
"Welche zwei der folgenden Punkte stellen einen Ausschnitt eines validen Nutzungsszenarios dar für die Website eines Pizza-Lieferservice und die Aufgabe »Artikel bestellen«?","7 Lösungen gestalten, die Nutzungsanforderungen erfüllen","A Hanna geht auf die Website des Pizza-Lieferservice und da sie früher schon einmal dort bestellt hat, wird sie direkt mit Namen begrüßt und gebeten, ihr Benutzerpasswort einzugeben. Nachdem sie das getan hat, sieht sie die Artikel aufgelistet, die in ihren letzten Bestellungen enthalten waren, wo auch ihre selbst zusammengestellte Lieblingspizza dabei ist. Sie wählt diese aus und freut sich, dass sie nicht den Aufwand treiben muss, die Pizza erneut mühsam zusammenzustellen. | B 1. Benutzer identifizieren, entweder automatisch oder durch Angabe des Benutzernamens 2. Benutzer authentifiziert sich durch Eingabe eines Passworts 3. Artikel der letzten Bestellungen auflisten, neueste zuerst 4. Benutzer wählt aus der Liste aus und legt pro Artikel die Anzahl fest | C Der Benutzer gibt sein Passwort ein. Er sieht dann die Artikel seiner letzten Bestellungen in der Reihenfolge »Neueste zuerst«, auch selbst zusammengestellte Pizzen, wenn welche dabei waren. Er kann beliebige Artikel aus der Liste auswählen und diese einfach erneut bestellen. | D Der Benutzer Nr. 3 gibt Benutzernamen und Passwort ein und bekommt dann die Artikel seiner letzten Bestellungen aufgelistet in der Reihenfolge »Neueste zuerst«. Er verzieht das Gesicht und sagt »Warum kann ich denn nicht meine Lieblingsartikel festlegen? Das wäre doch viel praktischer, als nur die letzten Bestellungen zu sehen, wo ja bestimmte Artikel immer wieder aufgelistet werden. Jetzt muss ich durch die ganze lange Liste durchscrollen, um meine selbst zusammengestellte Pizza zu finden, die ich wieder bestellen möchte!« | E Der Benutzer wird identifiziert über ein Feld »Benutzername« (wird wenn möglich automatisch vorausgefüllt mittels Nutzung eines Cookies) und authentifiziert über ein Feld »Passwort«. Alternativ kann er sich auch neu registrieren, ein Bestellen ohne Login soll nicht erlaubt sein. Nach Anklicken des Buttons »Los geht’s« und erfolgreicher Prüfung der Login-Daten bekommt der Benutzer die Artikel seiner letzten Bestellungen aufgelistet in der Reihenfolge »Neueste zuerst«, auch selbst zusammengestellte Pizzen, wenn welche dabei waren. | F Hanna bestellt mindestens zweimal pro Woche eine selbst zusammengestellte Pizza bei ihrer Lieblingspizzeria. Hier kann sie die Pizza dann 15 Minuten später abholen. Ihre Kombinationen von Zutaten sind im Pizzamenü der Pizzeria nicht als Standardpizza enthalten. Manchmal kommt sie beim Anruf durcheinander und vergisst eine Zutat zu nennen, die sie eigentlich haben wollte. Das ärgert sie dann, wenn sie später zu Hause die Pizza genießen will.","1 0 1 0 0 0","",""
"Welcher eine der folgenden Begriffe beschreibt die Abbildung am besten?","7 Lösungen gestalten, die Nutzungsanforderungen erfüllen","A Design Pattern | B Nutzungsszenario | C Wireframe | D Bildschirmaufteilung | E Storyboard | F Low-Fidelity-Prototyp","0 0 0 0 0 1","",""
"Welcher eine der folgenden Begriffe beschreibt die unten stehende Abbildung am besten?","7 Lösungen gestalten, die Nutzungsanforderungen erfüllen","A Design Pattern | B Persona | C Nutzungsszenario | D Wireframe | E Styleguide | F Storyboard","0 0 0 1 0 0","",""
"Welche drei der folgenden Aussagen sind korrekt in Bezug auf den Begriff »Card-Sorting«?","7 Lösungen gestalten, die Nutzungsanforderungen erfüllen","A Card-Sorting ist eine Methode zum benutzerorientierten Strukturieren von Informationen. | B Card-Sorting kann sowohl zum Erstellen neuer Navigationsstrukturen als auch zum Verbessern von bestehenden Navigationsstrukturen verwendet werden. | C Es werden zwei Arten von Card-Sorting unterschieden: neutral und vordefiniert. | D Die Teilnehmer an einem Card-Sorting sollten immer Usability Professionals sein. | E Die Teilnehmer an einem Card-Sorting sollten immer Benutzer des betreffenden interaktiven Systems sein. | F Beim Card-Sorting sind die Karten und deren Beschriftungen immer von einem Usability Professional vorgegeben.","1 1 0 0 1 0","",""
"Welche drei der folgenden Punkte beschreiben am besten den Unterschied zwischen einem Low-Fidelity-Prototyp und einem HighFidelity-Prototyp?","7 Lösungen gestalten, die Nutzungsanforderungen erfüllen","A Low-Fidelity-Prototypen veranschaulichen immer nur Konzepte, wogegen High-Fidelity-Prototypen weit mehr umfassen. | B Low-Fidelity-Prototypen können mit sehr geringem Aufwand geändert werden, High-Fidelity-Prototypen in der Regel nicht. | C Ein High-Fidelity-Prototyp kann als Teil der Spezifikation der Benutzungsschnittstelle dienen, ein Low-Fidelity-Prototyp nicht. | D Ein High-Fidelity-Prototyp ähnelt dem fertigen interaktiven System, ein Low-Fidelity-Prototyp in der Regel nicht. | E High-Fidelity-Prototypen sollten mit dem zu nutzenden technischen Framework abgestimmt sein, damit nicht etwas in dem Prototyp enthalten ist, das gar nicht umsetzbar ist. Bei Low-Fidelity-Prototypen spielt das keine Rolle. | F Sowohl Low-Fidelityals auch High-Fidelity-Prototypen sollten immer aufgabenorientiert gestaltet sein, also eine sinnvolle Aufgabenerledigung demonstrieren können.","0 1 0 1 0 1","",""
"Welche eine der folgenden Aussagen beschreibt den Begriff »mentales Modell« am besten?","7 Lösungen gestalten, die Nutzungsanforderungen erfüllen","A Eine Beschreibung eines fiktiven, aber realistischen Benutzers und was er bei der Verwendung eines interaktiven Systems zu tun beabsichtigt | B Eine Beschreibung der Teilaufgaben innerhalb einer Aufgabe, die ausgeführt werden müssen, um die Ziele des Benutzers zu erreichen | C Das Ergebnis des Denkprozesses einer Person darüber, wie etwas in der realen Welt funktioniert | D Ein kostengünstiges, einfaches Modell eines Designs oder Konzepts, das dazu dient, Rückmeldungen von Benutzern und anderen Interessenvertretern in frühen Phasen der Entwicklung einzuholen | E Informationen, die einen Benutzer dabei unterstützen, mit einem interaktiven System zu interagieren | F Ein Datenmodell, das abbildet, was die Teilnehmer nach einer Usability-Testsitzung über das interaktive System dachten","0 0 1 0 0 0","",""
"Welche drei der folgenden Aussagen über Design Patterns sind korrekt?","7 Lösungen gestalten, die Nutzungsanforderungen erfüllen","A Ein Design Pattern ist eine Lösung eines häufig auftretenden Gestaltungsproblems in einem bestimmten Nutzungskontext. | B Ein Design Pattern besteht aus der Beschreibung eines Gestaltungsproblems und der Beschreibung einer allgemeinen Lösung. | C Wenn ein Design Pattern und eine Gestaltungsregel sich widersprechen, dann sollte man dem Design Pattern folgen und nicht der Gestaltungsregel. | D Ein Tooltipp (mit entsprechenden Erläuterungen dazu) ist ein Beispiel für ein Design Pattern. | E Der Einsatz von Design Patterns für die Lösungsgestaltung garantiert eine gute Usability der Lösung. | F Der Einsatz von Design Patterns beschleunigt den Prozess der Lösungsgestaltung.","1 0 0 1 0 1","",""
"Auf einer Website zum Buchen von Hotelzimmern für Geschäftsreisen gibt es ein Eingabefeld für den Anreisetag. Bei Auswahl des Feldes wird ein Kalender angezeigt, bei dem der aktuelle Tag vorausgewählt ist und der Benutzer diesen bestätigen oder einen anderen Tag im Kalender auswählen kann. Welches eine der Interaktionsprinzipien wurde mit dieser Entscheidung vornehmlich umgesetzt?","7 Lösungen gestalten, die Nutzungsanforderungen erfüllen","A Aufgabenangemessenheit | B Fehlerrobustheit | C Selbstbeschreibungsfähigkeit | D Erlernbarkeit | E Erwartungskonformität | F Steuerbarkeit","0 0 1 0 0 0","",""
"Welche zwei der folgenden Aussagen verdeutlichen am besten den Unterschied zwischen Interaktionsprinzipien und Gestaltungsregeln?","7 Lösungen gestalten, die Nutzungsanforderungen erfüllen","A Interaktionsprinzipien sind allgemeingültige Gestaltungsziele, deren Beachtung immer zu einer besseren Usability führt. Sie geben Leitplanken vor, um die sich ein Lösungsgestalter kümmern sollte, enthalten darüber hinaus aber keine Einschränkungen für die Gestaltung. | B Interaktionsprinzipien sind allgemeine Gestaltungsvorgaben, die bei der Lösungsgestaltung angewandt werden sollten, um eine gute Usability zu erreichen. | C Interaktionsprinzipien bieten eine allgemeine Orientierung, was beachtet werden sollte, um eine gute Usability zu erreichen. Je nach den Details der Lösungsgestaltung kann es aber auch Sinn machen, ein Interaktionsprinzip nicht zu befolgen. | D Gestaltungsregeln sind Empfehlungen für die Gestaltung von Lösungen, die spezifisch sind für eine bestimmte Technologie oder Domäne. Sie lassen dem Gestalter Interpretationsspielraum, um die kontextspezifischen Anforderungen an die zu gestaltende Lösung optimal erfüllen zu können. | E Gestaltungsregeln sind konkrete Vorgaben oder spezifische Empfehlungen zur Gestaltung von Lösungen, die vor allem dazu dienen, Konsistenz zu erreichen und Diskussionen um Gestaltungsvarianten abzukürzen. | F Gestaltungsregeln sind konkrete Vorgaben für die Gestaltung von Lösungen, die dem Gestalter keinen Interpretationsspielraum lassen. Hierdurch wird automatisch eine gute Usability der Lösung sichergestellt.","1 0 0 0 1 0","",""
"Viele Anwendungen bieten eine Undo-Funktion an, mit der Aktionen, die keinen unwiderruflichen Effekt haben, durch den Benutzer rückgängig gemacht werden können. Welche drei der folgenden Interaktionsprinzipien werden durch eine Undo-Funktion am ehesten NICHT unterstützt?","7 Lösungen gestalten, die Nutzungsanforderungen erfüllen","A Aufgabenangemessenheit | B Fehlerrobustheit | C Selbstbeschreibungsfähigkeit | D Erlernbarkeit | E Erwartungskonformität | F Steuerbarkeit","1 0 1 0 1 0","",""
"Welche eine der folgenden Aussagen verdeutlicht die Wichtigkeit von Gestaltungsregeln?","7 Lösungen gestalten, die Nutzungsanforderungen erfüllen","A Gestaltungsregeln sichern die Umsetzung der menschzentrierten Gestaltung, indem sie primären Benutzern ermöglichen, direkt an der Gestaltung teilzunehmen. | B Der unspezifische Charakter von Gestaltungsregeln gibt Designern die Freiheit, User-Interface-Elemente nach ihrem Belieben zu implementieren. | C Der spezifische Charakter von Gestaltungsregeln ermöglicht es Designern, die gleichen User-Interface-Elemente konsistent zu implementieren. | D Gestaltungsregeln ermöglichen es Designern, sich Unterschiede im Aussehen und Verhalten von Benutzungsschnittstellen innerhalb einer Organisation einfallen zu lassen. | E Gestaltungsregeln zielen in erster Linie darauf ab, die Verantwortung für die Gestaltung von Benutzungsschnittstellen auf das gesamte Designteam zu verteilen, anstatt dem User Interface Designer die alleinige Verantwortung zu überlassen. | F Gestaltungsregeln werden in Usability-Inspektionen verwendet, um festzustellen, ob ein Design den organisatorischen Anforderungen entspricht oder nicht.","0 0 1 0 0 0","",""
"Welche drei der folgenden Punkte sind Heuristiken, im Gegensatz zu Interaktionsprinzipien und Gestaltungsregeln?","7 Lösungen gestalten, die Nutzungsanforderungen erfüllen","A Das interaktive System muss so gestaltet sein, dass Fehler des Benutzers von vornherein vermieden werden. | B Der Benutzer sollte die Interaktion mit dem interaktiven System nach eigenem Ermessen starten und seine Richtung und Geschwindigkeit beeinflussen können. | C Fehlermeldungen müssen immer gut sichtbar im oberen Viertel des Bildschirms in einem eigenen Bereich dargestellt werden, der die volle Breite des Bildschirms einnimmt. | D Der Benutzer sollte zu jeder Zeit klar erkennen können, was der aktuelle Systemstatus ist und welchen Einfluss dieser auf die aktuellen Handlungsmöglichkeiten des interaktiven Systems hat. | E Eine bestimmte Information soll im interaktiven System durchgängig in gleicher Weise entsprechend der Erwartung des Benutzers präsentiert werden. | F Alle im interaktiven System verwendeten Farben müssen in der Palette der erlaubten Farben des Unternehmens enthalten sein.","1 0 0 1 1 0","",""
"Eine Fachanwendung für Bankangestellte verwendet Fachausdrücke wie »elektronischer Zahlungsverkehr« und »Terminund Spareinlagen«. Auf welchem einen der folgenden Interaktionsprinzipien basiert diese Entscheidung vornehmlich?","7 Lösungen gestalten, die Nutzungsanforderungen erfüllen","A Aufgabenangemessenheit | B Selbstbeschreibungsfähigkeit | C Steuerbarkeit | D Fehlerrobustheit | E Erwartungskonformität | F Konsistenz","0 0 0 0 1 0","",""
"Welche drei der folgenden Punkte sind Dinge, die häufig eintreten, wenn die Gestaltung eines interaktiven Systems ohne Gestaltungsregeln oder Styleguide erfolgt?","7 Lösungen gestalten, die Nutzungsanforderungen erfüllen","A Die Lösungsgestaltung dauert länger. | B Die Lösungsgestaltung geht schneller. | C Die Analyse des Nutzungskontextes muss deutlich umfangreicher ausfallen. | D Die Konsistenz der gestalteten Lösung ist niedriger. | E Bei der Lösungsgestaltung gibt es weniger Aufwand für Diskussionen. | F Bei der Lösungsgestaltung gibt es mehr Aufwand für Diskussionen.","1 0 0 1 0 1","",""
"Bei einer komplexeren Website mit vielen Seiten wird auf jeder Seite immer an der gleichen Stelle eine Breadcrumb-Navigation angezeigt, d.h. eine Textzeile, die dem Benutzer anzeigt, an welcher Stelle er sich innerhalb der Website befindet. Der Breadcrumb zeigt den Navigationspfad von der Startseite über Zwischenseiten bis zur aktuellen Seite an. Welches eine der Interaktionsprinzipien wurde mit dieser Entscheidung primär umgesetzt?","7 Lösungen gestalten, die Nutzungsanforderungen erfüllen","A Aufgabenangemessenheit | B Fehlerrobustheit | C Selbstbeschreibungsfähigkeit | D Erlernbarkeit | E Erwartungskonformität | F Steuerbarkeit","0 0 1 0 0 0","",""
"Welche zwei der folgenden Aussagen sind NICHT korrekt in Bezug auf den Begriff »mentales Modell«?","7 Lösungen gestalten, die Nutzungsanforderungen erfüllen","A Mentale Modelle entstehen vor allem durch gemachte Erfahrungen, Training und erteilte Instruktionen. | B Die Erstellung von mentalen Modellen ist eine Technik zur Entwicklung von innovativen Gestaltungslösungen für interaktive Systeme. | C Mentale Modelle können beeinflusst werden durch Erwartungen, die durch die Benutzung ähnlicher Systeme entstehen. | D Mentale Modelle haben immer etwas mit Benutzungsschnittstellen zu tun. | E Ein mentales Modell zu einem interaktiven System existiert bereits, bevor das interaktive System das erste Mal benutzt wird. | F Das mentale Modell, das ein Benutzer zu einem interaktiven System hat, sollte wenn möglich vollständig und widerspruchsfrei sein.","0 1 0 1 0 0","",""
"Welche drei der folgenden Punkte sind Affordances eines Holzstuhls, d.h., welches sind Dinge, zu denen ein Holzstuhl auffordert?","7 Lösungen gestalten, die Nutzungsanforderungen erfüllen","A Sich draufsetzen | B Sich draufsetzen und damit kippeln (auf den hinteren Stuhlbeinen balancieren) | C Etwas darauf ablegen, das nicht auf dem Boden liegen soll | D Sich draufstellen, um eine höhere Reichweite zu haben | E Ihn an einen anderen Ort verschieben | F Ihn zerschlagen und als Brennholz verwenden","1 0 1 1 0 0","",""
"Welche eine der folgenden Aussagen beschreibt den Begriff »Design Pattern« am besten?","7 Lösungen gestalten, die Nutzungsanforderungen erfüllen","A Eine Sammlung von Buttons in verschiedenen Formen und Farben für die Verwendung auf einer Website | B Eine Sammlung von Personas mit sehr ähnlichen Merkmalen | C Eine Sammlung von Benutzergruppen mit sehr ähnlichen Merkmalen | D Eine Sammlung von 4 bis 8 Icons, die in einer festen Reihenfolge auf dem Screen angeordnet sind | E Ein Ansatz zur Lösung einer Aufgabe in einem gegebenen Nutzungskontext; der Ansatz muss in mehreren Usability-Testsitzungen beobachtet worden sein | F Eine Lösung eines häufig auftretenden Gestaltungsproblems in einem gegebenen Nutzungskontext, die ein Gestaltungsproblem, eine allgemeine Lösung und Beispiele für deren Anwendung beschreibt","0 0 0 0 0 1","",""
"Welche drei der folgenden Aussagen sind korrekt in Bezug auf Interaktionsprinzipien?","7 Lösungen gestalten, die Nutzungsanforderungen erfüllen","A Interaktionsprinzipien sind allgemeine Ziele für die Gestaltung von gebrauchstauglichen interaktiven Systemen. | B Interaktionsprinzipien sind spezifischer als Heuristiken. | C Interaktionsprinzipien und Heuristiken sind dasselbe. | D Interaktionsprinzipien sind unabhängig von der spezifischen Implementierung eines interaktiven Systems. | E Interaktionsprinzipien sind allgemeingültig und gelten nicht nur für eine spezifische Technologie. | F Interaktionsprinzipien sind nicht allgemeingültig, sie gelten nur für IT-Systeme.","1 0 0 1 1 0","",""
"Welche drei der folgenden Begriffe bezeichnen Interaktionsprinzipien?","7 Lösungen gestalten, die Nutzungsanforderungen erfüllen","A Erwartungskonformität | B Erlernbarkeit | C Verifizierbarkeit | D Fehlerrobustheit | E Konsistenz | F Funktionale Angemessenheit","1 1 0 1 0 0","",""
"Welche zwei der folgenden Methoden werden häufig zur UsabilityEvaluierung eingesetzt?","8 Gestaltungslösungen evaluieren","A Kontextuelles Interview | B Unmoderierter Usability-Test | C Fokusgruppen | D Tagebuch-Studie | E Erstellung von Storyboards | F Usability-Inspektion","0 1 0 0 0 1","",""
"Welche drei der folgenden Aussagen sind NICHT korrekt in Bezug auf Usability-Evaluierungen?","8 Gestaltungslösungen evaluieren","A Usability-Evaluierungen sind eine der wichtigsten Aktivitäten in der menschzentrierten Gestaltung. | B Usability-Evaluierungen müssen immer unter Einbeziehung von echten Benutzern durchgeführt werden. | C Usability-Evaluierungen sollten so früh wie möglich im Prozess der menschzentrierten Gestaltung durchgeführt werden. | D In der menschzentrierten Gestaltung ist es zwingend erforderlich, dass eine Usability-Evaluierung durchgeführt wird. | E Wenn das Ergebnis einer Usability-Evaluierung zeigt, dass nicht alle Nutzungsanforderungen erfüllt sind, dann muss die Lösungsgestaltung immer im Rahmen einer weiteren Iteration angepasst werden. | F Wenn das Ergebnis einer Usability-Evaluierung zeigt, dass nicht alle Nutzungsanforderungen erfüllt sind, dann kann das für jedes beliebige erarbeitete UX-Ergebnis dazu führen, das dieses angepasst werden muss.","1 1 0 0 1 0","",""
"In CPUX-F werden drei grundlegend unterschiedliche UsabilityEvaluierungsmethoden dargelegt: Usability-Test, Usability-Inspektion und Benutzerbefragung. Welche drei der folgenden Punkte beschreiben vorrangige Unterscheidungsmerkmale zwischen den genannten UsabilityEvaluierungsmethoden?","8 Gestaltungslösungen evaluieren","A Usability-Inspektionen werden in der Regel ohne Einbeziehung von Benutzern durchgeführt, bei Usability-Tests und Benutzerbefragungen sind immer Benutzer involviert. | B Benutzerbefragungen beziehen sich immer auf ein fertiges interaktives System oder einen High-Fidelity-Prototyp. Usability-Tests und Inspektionen hingegen können sich auch auf einen Low-FidelityPrototyp beziehen. | C Benutzerbefragungen beschäftigen sich vorrangig mit dem subjektiven Erleben des Benutzers (Zufriedenstellung und weitere Aspekte von User Experience) mit einem interaktiven System. Usability-Tests und Usability-Inspektionen beschäftigen sich vorrangig mit der Effektivität und Effizienz des interaktiven Systems. | D Usability-Tests ermitteln objektive Daten über Usability-Probleme eines interaktiven Systems, Usability-Inspektionen nicht. | E Die Grundlage einer Benutzerbefragung sind Erfahrungen, die die befragten Benutzer in der Vergangenheit mit dem interaktiven System gemacht haben. Die Grundlage für Usability-Tests ist die Beobachtung der tatsächlichen Nutzung. Die Grundlage für eine Inspektion ist die Erfahrung des Evaluators mit vergleichbaren interaktiven Systemen. | F Ein Usability-Test kann nur mithilfe eines fertigen interaktiven Systems oder eines High-Fidelity-Prototyps durchgeführt werden. Usability-Inspektionen und Benutzerbefragungen erfordern dies nicht.","1 0 1 1 0 0","",""
"Welche drei der folgenden Argumente unterstützen am besten die Aussage, dass Interviews und Fokusgruppen ungeeignet sind für eine Usability-Evaluierung?","8 Gestaltungslösungen evaluieren","A Fokusgruppen und Interviews werden typischerweise mit Fachexperten durchgeführt und nicht mit Benutzern. Dementsprechend ist es nicht sinnvoll, diese Methoden für eine Usability-Evaluierung einzusetzen. | B Der Fokus eines Interviews ist üblicherweise nicht das interaktive System selbst, sondern der Nutzungskontext des interaktiven Systems. | C Für eine Usability-Evaluierung mittels Interviews müsste man sehr viele Interviews durchführen. Dies ist sehr zeitaufwendig. | D Durch eine Fokusgruppe sammelt man vorrangig Information über die Meinungen und Einstellungen der Fokusgruppenteilnehmer gegenüber einem interaktiven System, die nur bedingt aussagefähig sind für die Usability des interaktiven Systems. | E Für eine Usability-Evaluierung mittels Fokusgruppen müsste man sehr viele Fokusgruppen durchführen. Dies ist sehr zeitaufwendig. | F Selbst wenn die Teilnehmer einer Fokusgruppe Benutzer sind und diese kurz zuvor das interaktive System benutzt haben und die Diskussion der Fokusgruppe auf die Zufriedenstellung der Benutzer konzentriert bleibt, ist die Methode ungeeignet als UsabilityEvaluierung, weil die Teilnehmer der Fokusgruppe sich gegenseitig beeinflussen und es so schwierig ist, reproduzierbar UsabilityProbleme zu identifizieren.","0 1 0 1 0 1","",""
"Welche drei der folgenden Punkte sind Varianten von UsabilityEvaluierungen?","8 Gestaltungslösungen evaluieren","A Benutzerbefragung | B Kontextuelles Interview | C Usability-Inspektion | D Usability-Test | E Beobachtung | F Fokusgruppe","1 0 1 1 0 0","",""
"Welche zwei der folgenden Punkte beschreiben NICHT einen möglichen Zweck einer Usability-Evaluierung in der menschzentrierten Gestaltung?","8 Gestaltungslösungen evaluieren","A Feststellen, ob ein interaktives System bestimmte formale Kriterien bezüglich der Usability erfüllt. | B Feststellen, in welchem Ausmaß ein interaktives System gebrauchstauglich ist. | C Feststellen, ob ein interaktives System aktuellen Trends im UserInterface-Design entspricht. | D Feststellen, ob ein interaktives System im Vergleich zu einem Referenzsystem für Benutzer zufriedenstellender ist oder nicht. | E Feststellen, ob ein interaktives System alle spezifizierten Nutzungsanforderungen erfüllt. | F Feststellen, dass ein interaktives System frei von UsabilityProblemen ist.","0 0 1 0 0 1","",""
"Welche eine der folgenden Aussagen beschreibt am besten den Begriff »formative Usability-Evaluierung«? (Hinweis: Das hier behandelte Thema – formative versus summative Usability-Evaluierung – ist nicht prüfungsrelevant.)","8 Gestaltungslösungen evaluieren","A Eine Usability-Evaluierung, die ein interaktives System gegen formale Kriterien prüft, die unabhängig vom Nutzungskontext einzuhalten sind. | B Eine Usability-Evaluierung, deren Ergebnisse dazu dienen, das interaktive System zu verbessern. | C Ein Usability-Test, der so gestaltet ist, dass die Ergebnisse statistisch ausgewertet werden können. | D Eine standardisierte Benutzerbefragung. Ein Beispiel ist der SUS (System Usability Scale). | E Eine Usability-Evaluierung, die gegen Ende der Gestaltung den erreichten Grad der Usability feststellen soll. | F Eine Usability-Evaluierung, die zu Beginn der Gestaltung den Grad der Usability eines zu verbessernden interaktiven Systems ermittelt.","0 1 0 0 0 0","",""
"Sie wurden angefragt, einen Usability-Test einer Autovermietungs-Website durchzuführen. Welche zwei der folgenden Aufgaben sind am besten geeignet als Testaufgaben für den Usability-Test?","8 Gestaltungslösungen evaluieren","A Buchen Sie für ein zu mietendes Auto eine Unfallversicherung dazu. | B Stellen Sie sich vor, Sie sind Formel-1-Weltmeister Sebastian Vettel und möchten mit Freunden zum Spaß eine Spritztour in dem schnellsten angebotenen Auto machen. Finden Sie das passendste Auto heraus und mieten Sie es für nächsten Samstag 9:00 bis 21:00 Uhr mit Abholung und Rückgabe in Zürich. | C Sie haben ein Problem mit Ihrem Mietvertrag. Finden Sie auf der Website heraus, wie Sie jemanden erreichen können, der Ihnen weiterhilft. | D Mieten Sie gemäß Ihren Bedürfnissen ein Auto für einen Ort Ihrer Wahl und für einen Zeitraum Ihrer Wahl. | E Schauen Sie sich die Startseite der Avis-Website an und sagen Sie mir, wie die Seite auf Sie wirkt. | F Benennen Sie Probleme, die Sie in der Website sehen für die Aufgabe »Eine Reservierung stornieren.«","0 0 1 1 0 0","",""
"Welche zwei der folgenden Punkte sind Aussagen, die in der Bewertung eines Usability-Befundes sinnvoll getroffen werden können?","8 Gestaltungslösungen evaluieren","A Wie kritisch der Befund ist | B Welche Konsequenzen der Befund im Detail hat | C Auf welche Weise das Usability-Problem behoben werden sollte | D Welche Stakeholder über den Befund benachrichtigt werden müssen | E Ob es sich aus Sicht des Usability-Experten um ein geringes, ein ernstes oder ein kritisches Problem handelt | F Die Priorität, mit der das Usability-Problem behoben werden sollte","1 1 0 0 0 0","",""
"Welche eine der folgenden Aussagen beschreibt am besten, was ein PostTest-Interview ist?","8 Gestaltungslösungen evaluieren","A Die Informationen, die der Moderator den Testteilnehmern vor dem Test zukommen lässt | B Die Informationen, die der Moderator den Testteilnehmern nach dem Test zukommen lässt | C Das Interview, das vor dem Test stattfindet | D Die Fragen, die der Moderator während des Tests stellt | E Das Interview, das unmittelbar nachdem der Testteilnehmer die Abarbeitung der Testaufgaben beendet hat, stattfindet | F Die Fragen, die der Moderator den Testteilnehmern nach dem Test stellt","0 0 0 0 1 0","",""
"Welche zwei der folgenden Aktivitäten gehören zur Vorbereitung oder Planung eines Usability-Tests?","8 Gestaltungslösungen evaluieren","A Briefing des Usability-Testteilnehmers über das, was während der Usability-Testsitzung passieren wird | B Erstellen des Usability-Test-Leitfadens | C Durchführen des Pre-Test-Interviews | D Rekrutierung geeigneter Usability-Testteilnehmer | E Festlegen der zu diskutierenden Themen | F Verfassen des Interview-Leitfadens","0 1 0 1 0 0","",""
"Welche zwei der folgenden Aussagen sind NICHT korrekt in Bezug auf die Verantwortlichkeiten der beteiligten Personen bei einem Usability-Test?","8 Gestaltungslösungen evaluieren","A Die Testteilnehmerin bewertet das interaktive System auf Grundlage individueller Kriterien. | B Der Moderator stellt während der Testdurchführung sicher, dass die Testteilnehmerin alle Testaufgaben vollständig erledigen kann. | C Der Beobachter sammelt Informationen, die ihm dabei helfen, bei der Analyse der Testergebnisse zu unterstützen. | D Die Protokollantin erfasst alle Usability-Probleme, positive Feststellungen und subjektive Äußerungen der Testteilnehmerin, die im Rahmen des Usability-Tests beobachtet wurden und die hilfreich sein können für die Analyse der Befunde. | E Der Moderator ist NICHT verantwortlich für die Erfassung von Informationen über Usability-Befunde des Usability-Tests. | F Der Moderator sorgt dafür, dass die Testteilnehmerin bei UsabilityProblemen, bei denen die Testteilnehmerin selbstständig nicht mehr weiterkommt, die Aufgabe trotzdem fortsetzen kann und der Usability-Test so möglichst viele Erkenntnisse bringt.","1 1 0 0 0 0","",""
"Welche drei der folgenden Aussagen sind korrekt für einen UsabilityTestbericht?","8 Gestaltungslösungen evaluieren","A Er sollte den Test-Leitfaden beinhalten. | B Er sollte auch positive Usability-Befunde beinhalten. | C Jeder Usability-Befund sollte durch einen Screenshot oder ein Bild illustriert werden. | D Zu jedem Usability-Problem sollte erläutert werden, wie das Problem behoben werden sollte. | E Es wird ein Usability-Testbericht pro Testsitzung erstellt. | F Er sollte eine Kurzdarstellung beinhalten, was im Rahmen des Usability-Tests gemacht wurde.","1 1 0 0 0 1","",""
"Welche drei der folgenden Aussagen beschreiben den Zweck eines PostTest-Interviews am besten?","8 Gestaltungslösungen evaluieren","A Feststellen, ob der Testteilnehmer mit der Durchführung des UsabilityTests zufrieden ist oder etwas zu beanstanden hat | B Verständnisfragen in Bezug auf aufgetretene Usability-Probleme klären, die während der Durchführung des Usability-Tests nicht geklärt werden konnten | C Ideen des Testteilnehmers sammeln, wie der Usability-Test verbessert werden könnte | D Ideen des Testteilnehmers sammeln, wie das interaktive System verbessert werden könnte | E Festhalten, was dem Testteilnehmer an dem interaktiven System gefallen oder missfallen hat | F Festhalten, wie der allgemeine Eindruck des Testteilnehmers zur User Experience des interaktiven Systems ist","0 1 0 0 1 1","",""
"Welche eine der folgenden Aussagen charakterisiert am besten einen Usability-Test eines interaktiven Systems?","8 Gestaltungslösungen evaluieren","A Eine Befragung von Benutzern über deren Erfahrungen, die sie in einer gerade vorher durchgeführten Benutzung des interaktiven Systems gemacht haben | B Ein repräsentativer Vertreter der zu betrachtenden Benutzergruppe benutzt das interaktive System und wird dabei beobachtet | C HCD Professionals führen Testfälle mit dem interaktiven System durch | D Benutzer testen das interaktive System, um Usability-Probleme zu erkennen | E Benutzer führen vorgegebene Aufgaben mit dem interaktiven System aus und werden anschließend dazu befragt | F Benutzer führen vorgegebene Aufgaben mit dem interaktiven System aus und werden dabei beobachtet, um Usability-Probleme aufzudecken.","0 0 0 0 0 1","",""
"Es soll ein Usability-Test durchgeführt werden für die Website eines PizzaLieferservice. Die Testteilnehmer sind potenzielle Kunden des PizzaLieferservice. Welche zwei der folgenden Aufgaben sind am besten geeignet als Testaufgaben für den Usability-Test?","8 Gestaltungslösungen evaluieren","A »Wählen Sie 5 Zutaten aus, die auf Ihre selbst zusammengestellte Pizza kommen sollen.« | B »Stellen Sie sich vor, Sie sind Pizzabäcker und möchten bei der Pizzeria arbeiten. Finden Sie heraus, ob es dort aktuell offene Stellen gibt.« | C »Finden Sie heraus, seit wann die Pizzeria bereits existiert.« | D »Bestellen Sie eine selbst zusammengestellte Pizza, bei der je eine Hälfte der Pizza mit 3 Zutaten Ihrer Wahl belegt ist. Lassen Sie die Pizza liefern zur Adresse Bahnhofstraße 13, 53123 Bonn und geben Sie an, dass Sie bar zahlen bei Lieferung.« | E »Beschreiben Sie, welchen Eindruck die Website auf Sie macht bezüglich der Wertigkeit der Pizzeria.« | F »Sie haben vor Längerem einmal auf der Website des PizzaLieferservice Ihre Lieblingspizza bestellt. Hierzu hatten Sie sich mit dem Login-Namen Hanna.Schmitz und dem Passwort J7T2P8 auf der Website registriert. Nun wollen Sie eine neue Bestellung durchführen, vorher jedoch aus Sicherheitsgründen das alte Passwort gegen ein neues Passwort Ihrer Wahl austauschen. Bitte ändern Sie das Passwort der Benutzerin Hanna.Schmitz auf der Website und bestellen Sie dann die gleiche Pizza wie beim letzten Mal.«","0 0 0 1 0 1","",""
"Welche drei der folgenden Aussagen beschreiben zutreffend den Unterschied zwischen einem unmoderierten Usability-Test und einem »normalen« Usability-Test?","8 Gestaltungslösungen evaluieren","A Ein unmoderierter Usability-Test findet nicht in einem Usability-Labor oder am Arbeitsplatz des Benutzers statt, sondern irgendwo anders. | B Bei einem normalen Usability-Test gibt es immer einen Moderator. | C Bei einem unmoderierten Usability-Test erledigt der Testteilnehmer keine Aufgaben, sondern gibt eine allgemeine Einschätzung ab zu dem interaktiven System. | D Bei einem unmoderierten Usability-Test wählt der Testteilnehmer selbst aus, welche Aufgaben er mit dem interaktiven System erledigen will. | E Bei einem unmoderierten Usability-Test wird die auf Video aufgezeichnete Testsitzung im Nachhinein von HCD Professionals analysiert. | F Bei einem unmoderierten Usability-Test gibt es keinen Moderator.","0 1 0 0 1 1","",""
"Welche eine der folgenden Personen wäre auf jeden Fall geeignet, Testteilnehmer bei einem Usability-Test für ein interaktives System zu sein, das grundsätzlich eine Benutzerschulung und eine gewisse Einarbeitungszeit erfordert?","8 Gestaltungslösungen evaluieren","A Eine Person, die regelmäßig an Usability-Tests vergleichbarer Systeme teilnimmt | B Ein HCD Professional, der mit den zu testenden Aufgaben vertraut ist | C Eine Person, die in das Benutzergruppenprofil der zu betrachtenden Benutzergruppe hineinpasst | D Ein professioneller Usability-Testteilnehmer, der viel Erfahrung in der Durchführung von Usability-Tests hat | E Ein möglichst unbedarfter Benutzer des zu testenden interaktiven Systems | F Ein HCD Professional, der an der Entwicklung des zu testenden interaktiven Systems nicht beteiligt war und dadurch in dem Usability-Test objektiv ist","0 0 1 0 0 0","",""
"Welche drei der folgenden Merkmale sind am Wichtigsten für die Rekrutierung einzelner Testteilnehmer für einen Usability-Test?","8 Gestaltungslösungen evaluieren","A Ob die Person schon einmal an einem Usability-Test teilgenommen hat | B Ob die Person schon einmal an einem Usability-Test bezüglich des zu testenden interaktiven Systems teilgenommen hat | C Welches Wissen bzw. welche Erfahrung die Person bezüglich der unterstützten Aufgaben des zu testenden interaktiven Systems besitzt | D Welche Einstellungen und Interessen die Person gegenüber dem interaktiven System hat | E Ob die Person den Moderator des Usability-Tests kennt | F Ob die Person in das Benutzergruppenprofil der betreffenden Benutzergruppe passt","0 0 1 1 0 1","",""
"Welche zwei der folgenden Aktivitäten sollten im Rahmen der Planung eines Usability-Tests immer durchgeführt werden?","8 Gestaltungslösungen evaluieren","A Testteilnehmer rekrutieren | B Einen Usability-Test-Leitfaden schreiben | C Die Aufzeichnung des Usability-Tests in Form von Bildschirmaufzeichnung, Video und/oder Audio vorbereiten | D Mit den Testteilnehmern ein Briefing durchführen | E Den rekrutierten Testteilnehmern die vereinbarte Entschädigung auszahlen | F Aus einem Probelauf des Usability-Tests antizipierte UsabilityProbleme dokumentieren","1 1 0 0 0 0","",""
"Welche eine der folgenden Aussagen beschreibt am besten, was ein Usability-Test-Leitfaden ist?","8 Gestaltungslösungen evaluieren","A Die Mitschrift des Protokollanten zu dem Usability-Test | B Die Mitschrift der Moderatorin zum Verlauf der Usability-Testsitzung und welche Testaufgabe mit welchem Ergebnis vom Testteilnehmer erledigt wurde | C Die Beschreibung des Zwecks und Umfangs des Usability-Tests mit Angabe des Zeitplans und des Ablaufs | D Die Beschreibung der Testaufgaben, die dem Testteilnehmer ausgehändigt wird, damit er weiß, was er tun soll | E Eine Checkliste, um den Überblick zu behalten über die Fragen des Briefings und des Pre-Test-Interviews, die Usability-Testaufgaben und die Fragen des Post-Test-Interviews | F Eine Checkliste, um den Überblick zu behalten über die Fragen des Briefings, des Pre-Test-Interviews und des Post-Test-Interviews (die Usability-Testaufgaben stehen nicht im Usability-Test-Leitfaden, sondern im Usability-Testbericht)","0 0 0 0 1 0","",""
"Welche zwei der folgenden Aussagen beschreiben den Zweck eines PreTest-Interviews am besten?","8 Gestaltungslösungen evaluieren","A Feststellen, ob die Testteilnehmerin möglicherweise überqualifiziert ist für den Usability-Test | B Die Meinung der Testteilnehmerin über das interaktive System herausfinden, um diese mit ihrem Meinungsbild nach dem Usability-Test vergleichen zu können | C Die Testteilnehmerin informieren über den Zweck des Usability-Tests und was sie nun erwarten wird | D Sicherstellen, dass die rekrutierte Testteilnehmerin tatsächlich in das Benutzergruppenprofil der Benutzergruppe passt | E Informationen über den spezifischen Hintergrund und die Vorerfahrung der Testteilnehmerin sammeln, die später dabei helfen, die Testergebnisse zutreffend zu bewerten | F Die Testteilnehmerin mit der Situation und dem Moderator vertraut machen, damit sie keine Angst hat, im Usability-Test die Wahrheit zu sagen","0 0 0 1 1 0","",""
"Welcher eine der folgenden Begriffe ist KEINE typische Bewertung eines Usability-Befundes?","8 Gestaltungslösungen evaluieren","A Positiver Befund (sollte erhalten bleiben) | B Geringes Problem (spürbarer Mehraufwand) | C Ernstes Problem (erheblicher Mehraufwand) | D Kritisches Problem (die Aufgabe konnte nicht erledigt werden) | E Essenzielles Problem (muss unabhängig von den Kosten behoben werden) | F Katastrophales Problem (existenzielle Bedrohung)","0 0 0 0 1 0","",""
"Welche zwei der folgenden Punkte sind gute Argumente dafür, positive Usability-Befunde in einen Usability-Testbericht mit aufzunehmen?","8 Gestaltungslösungen evaluieren","A Der Bericht wird sonst nicht ernst genommen. | B Damit die Adressaten des Usability-Testberichts die Usability-Probleme besser akzeptieren. | C Damit Dinge nicht geändert oder entfernt werden, die gut funktionieren. | D Damit der Bericht nicht durch eine einseitige Ergebnisdarstellung statistisch verfälscht wird. | E Um nachzuweisen, dass die verwendete Testmethodik korrekt angewandt wurde. | F Um nachzuweisen, dass die Testteilnehmer das interaktive System verstanden haben.","0 1 1 0 0 0","",""
"Es wurde ein Usability-Test zu der Website eines Pizza-Lieferservice durchgeführt. Welche drei der folgenden Aussagen stellen valide Usability-Befunde dar, die möglicherweise in dem Usability-Test identifiziert wurden?","8 Gestaltungslösungen evaluieren","A Die Werbung auf der Startseite für einen lokal ansässigen Dienstleister ist irritierend. | B Beim Zusammenstellen einer individuellen Pizza ist es schwer zu erkennen, welche Zutaten aus der Liste möglicher Zutaten bereits ausgewählt sind. | C 80% der Testteilnehmer hatten die Website zuvor schon einmal benutzt. | D Die meisten Benutzer kamen mit dem Zusammenstellen einer individuellen Pizza gut zurecht. | E Keiner der Benutzer hat irgendeinen Kommentar zu dem unterhaltsamen Begrüßungstext auf der Startseite gemacht. | F Die Preise für extra Pizza-Zutaten wurden von den meisten Benutzern als zu hoch empfunden.","1 1 0 1 0 0","",""
"Welche eine der folgenden Aussagen beschreibt am besten, was ein Usability-Labor ist? (Hinweis: Das hier behandelte Thema ist nicht prüfungsrelevant.)","8 Gestaltungslösungen evaluieren","A Räumlichkeiten, die speziell für die Durchführung von Usability-Tests oder Fokusgruppen ausgestattet sind | B Zwei Räume, die durch einen Einwegspiegel getrennt sind, wo in dem einen Raum ein Usability-Test stattfindet und in dem anderen Raum Beobachter und Protokollanten sitzen und den Test beobachten | C Ein separater, ruhiger Raum, der für die Durchführung von UsabilityTests reserviert ist | D Räumlichkeiten, in denen Prototypen für interaktive Systeme entwickelt und getestet werden | E Räumlichkeiten, in denen Diskussionen und Befragungen mit Benutzern zu interaktiven Systemen durchgeführt werden | F Räumlichkeiten, in denen ein interaktives System entwickelt werden soll, von der Analyse über die Anforderungsspezifikation und die Gestaltung bis zur Evaluierung","1 0 0 0 0 0","",""
"Welche zwei der folgenden Punkte beschreiben Zwecke, denen eine Benutzerbefragung dienen kann?","8 Gestaltungslösungen evaluieren","A Die Effektivität eines interaktiven Systems ermitteln | B Verstehen, wie ein interaktives System tatsächlich benutzt wird | C Die Effizienz eines interaktiven Systems ermitteln | D Die Zufriedenstellung von Benutzern mit einem interaktiven System ermitteln | E Die Vermarktung eines interaktiven Systems unterstützen | F Informationen über den Nutzungskontext eines interaktiven Systems sammeln","0 0 0 1 0 1","",""
"Welche eine der folgenden Aussagen beschreibt am besten eine »Usability-Inspektion«?","8 Gestaltungslösungen evaluieren","A Ein Meeting, bei dem Designer ein Brainstorming durchführen, um Ideen für ein neues interaktives System zu generieren | B Die Evaluierung eines Storyboards | C Die Überprüfung eines interaktiven Systems, bei der Reviewer potenzielle Nutzungsprobleme identifizieren | D Ist dasselbe wie ein Usability-Test | E Ist dasselbe wie eine Fokusgruppe | F Die heuristische Evaluierung eines interaktiven Systems","0 0 1 0 0 0","",""
"Christina möchte die Zufriedenstellung von Benutzern bezüglich der Website eines Pizza-Lieferservice ermitteln. Welche eine der folgenden Aktivitäten ist am besten hierfür geeignet?","8 Gestaltungslösungen evaluieren","A Ein Usability-Test | B Ein Post-Test-Interview | C Eine Usability-Inspektion | D Eine Benutzerbefragung | E Eine Beobachtung | F Ein Briefing","0 0 0 1 0 0","",""
"Sie machen eine Usability-Inspektion einer neuen AutovermietungsWebsite. Welcher eine der folgenden Befunde ist NICHT passend für diese Inspektion?","8 Gestaltungslösungen evaluieren","A »Auf der Homepage fehlt ein ›Reservierung stornieren‹-Button.« | B »Die animierte Werbung auf der rechten Seite der Homepage geht mir auf die Nerven.« | C »Die Mietpreise sind zu hoch.« | D »Technische Ausdrücke wie CDW, Collision Damage Waiver, sind gut erklärt.« | E »Ich fand es schwer herauszufinden, wie hoch die Gesamtkosten für die Miete waren.« | F »Die visuelle Gestaltung der Website wirkt veraltet und wenig vertrauenerweckend.«","0 0 1 0 0 0","",""
"Ihr Team ist verantwortlich für die Wartung einer AutovermietungsWebsite. Das Management hat Sie beauftragt, eine quantitative Benutzerbefragung durchzuführen, die eine Vorstellung darüber liefern soll, wie zufriedengestellt die Benutzer mit der Usability der Website sind. Jede Aussage müssen die Benutzer mit »1 – völlige Ablehnung« bis »5 – völlige Zustimmung« bewerten. Welche drei der folgenden Aussagen sind geeignet für solch eine Benutzerbefragung?","8 Gestaltungslösungen evaluieren","A Die Mietkosten für das Auto auf dieser Website sind vernünftig. | B Die Website hat schöne Farben. | C Es ist einfach, ein Auto auf dieser Website zu mieten. | D Ich fand es nicht unkompliziert, mich auf dieser Website zurechtzufinden. | E Die inhärente Vertikalstrukturierung der Website ist angenehm zu verwenden. | F Die Website sieht unprofessionell aus.","0 1 1 0 0 1","",""
"Welche drei der folgenden Aussagen über Usability-Inspektionen sind korrekt?","8 Gestaltungslösungen evaluieren","A In einer Usability-Inspektion identifiziert ein HCD Professional UsabilityProbleme und stellt diese in einem Usability-Evaluierungsbericht dar. | B Eine Usability-Inspektion wird immer von mehreren Evaluatoren durchgeführt. | C Der Evaluator in einer Usability-Inspektion kann ein HCD Professional oder ein Fachexperte sein. | D Das Inspektionskriterium einer Usability-Inspektion ist analog zu einem Usability-Test immer eine Menge von Testaufgaben, die der Evaluator versucht mit dem interaktiven System abzuarbeiten. | E Die Inspektionskriterien für eine Usability-Inspektion können eine Menge einzuhaltender Gestaltungsregeln sein. | F Befunde eines Evaluators bei einer Usability-Inspektion beruhen auf Vorerfahrungen zu Usability-Problemen bei anderen interaktiven Systemen und dem Wissen über Gestaltungsregeln und Nutzungsanforderungen.","0 0 1 0 1 1","",""
"Welche drei der folgenden Punkte sind bei der Entwicklung eines Fragebogens für eine Benutzerbefragung zu beachten? (Hinweis: Das hier behandelte Thema ist nicht prüfungsrelevant.)","8 Gestaltungslösungen evaluieren","A Der Fragebogen sollte vor der Verwendung mittels Usability-Test geprüft werden. | B Der Fragebogen sollte sich ausschließlich auf die Usability oder User Experience des interaktiven Systems beziehen. | C Die Beantwortung des Fragebogens sollte voraussichtlich nicht länger als 60 Minuten dauern. | D Der Fragebogen sollte nicht mehr als 30 Fragen beinhalten. | E Der Fragebogen sollte zu jeder Zeit dem Benutzer deutlich machen, wie viele Fragen bereits beantwortet wurden und wie viele Fragen noch beantwortet werden müssen. | F Der Fragebogen sollte am Anfang zutreffend angeben, wie lange die Beantwortung voraussichtlich dauern wird.","1 0 0 0 1 1","",""
"Daniela soll eine Benutzerbefragung durchführen, mit der die Zufriedenstellung von Benutzern bezüglich der Website eines PizzaLieferservice ermittelt werden soll. Welche drei der folgenden Fragen sind für den Fragebogen sinnvoll verwendbar?","8 Gestaltungslösungen evaluieren","A »Wie oft haben Sie schon eine Website zum Bestellen einer Pizza verwendet?« | B »Wie könnten wir die Website des Pizza-Lieferservice verbessern?« | C »Fanden Sie den Teil der Website für das Bestellen von selbst zusammengestellten Pizzen verständlich und leicht zu bedienen?« | D »Auf einer Skala von 1 bis 5 (1 = Stimme überhaupt nicht zu«, 3 = »Neutral«, 5 = »Stimme voll zu«), wie sehr stimmen Sie mit folgender Aussage überein: Die Website macht auf mich einen hochwertigen und gepflegten Eindruck.« | E »Würden Sie einem Freund empfehlen, die Website zum Bestellen von Pizzen zu verwenden?« | F »Wie viele Pizza-Varianten sollte eine Pizzeria aus Ihrer Sicht in ihrem Menü anbieten?«","0 1 0 1 1 0","",""
